:1000000040310020A56A0000D9BF0000916A0000BD
:10001000916A0000916A0000916A000000000000EF
:100020000000000000000000000000001D6C000047
:10003000916A000000000000B96B0000916A0000A6
:10004000E16D0000E16D0000E16D0000E16D000078
:10005000E16D0000E16D0000E16D0000E16D000068
:10006000E16D0000E16D0000E16D0000E16D000058
:10007000E16D0000E16D0000E16D0000E16D000048
:10008000E16D0000E16D0000E16D0000E16D000038
:10009000E16D0000E16D0000E16D0000E16D000028
:1000A000E16D0000E16D0000E16D0000E16D000018
:1000B000E16D0000E16D0000E16D0000E16D000008
:1000C000E16D0000E16D0000E16D0000E16D0000F8
:1000D000E16D0000E16D0000E16D0000E16D0000E8
:1000E000E16D0000E16D0000E16D0000E16D0000D8
:1000F000E16D0000E16D0000E16D0000E16D0000C8
:1001000081F0004102E000BF83F0004330B54FEAC8
:1001100041044FEA430594EA050F08BF90EA020F35
:100120001FBF54EA000C55EA020C7FEA645C7FEAC8
:10013000655C00F0E2804FEA5454D4EB5555B8BFEB
:100140006D420CDD2C4480EA020281EA030382EA5C
:10015000000083EA010180EA020281EA0303362DEE
:1001600088BF30BD11F0004F4FEA01314FF4801CC1
:100170004CEA113102D0404261EB410113F0004FD3
:100180004FEA03334CEA133302D0524263EB43038A
:1001900094EA050F00F0A780A4F10104D5F1200E28
:1001A0000DDB02FA0EFC22FA05F2801841F1000183
:1001B00003FA0EF2801843FA05F359410EE0A5F157
:1001C00020050EF1200E012A03FA0EFC28BF4CF088
:1001D000020C43FA05F3C01851EBE37101F000453E
:1001E00007D54FF0000EDCF1000C7EEB00006EEB4B
:1001F0000101B1F5801F1BD3B1F5001F0CD34908D5
:100200005FEA30004FEA3C0C04F101044FEA44522B
:1002100012F5800F80F09A80BCF1004F08BF5FEAB2
:10022000500C50F1000041EB045141EA050130BD92
:100230005FEA4C0C404141EB0101013C28BFB1F5A4
:10024000801FE9D291F0000F04BF01460020B1FAEF
:1002500081F308BF2033A3F10B03B3F120020CDAC2
:100260000C3208DD02F1140CC2F10C0201FA0CF0A0
:1002700021FA02F10CE002F11402D8BFC2F1200C05
:1002800001FA02F120FA0CFCDCBF41EA0C019040BB
:10029000E41AA2BF01EB0451294330BD6FEA040404
:1002A0001F3C1CDA0C340EDC04F11404C4F12002EF
:1002B00020FA04F001FA02F340EA030021FA04F301
:1002C00045EA030130BDC4F10C04C4F1200220FA58
:1002D00002F001FA04F340EA0300294630BD21FA96
:1002E00004F0294630BD94F0000F83F4801306BF5C
:1002F00081F480110134013D4EE77FEA645C18BF50
:100300007FEA655C29D094EA050F08BF90EA020FE6
:1003100005D054EA000C04BF1946104630BD91EADE
:10032000030F1EBF0021002030BD5FEA545C05D1E1
:100330004000494128BF41F0004130BD14F5800420
:100340003CBF01F5801130BD01F0004545F0FE4194
:1003500041F470014FF0000030BD7FEA645C1ABFC9
:10036000194610467FEA655C1CBF0B46024650EA00
:10037000013406BF52EA033591EA030F41F400212C
:1003800030BD00BF90F0000F04BF0021704730B5B2
:100390004FF4806404F132044FF000054FF0000187
:1003A00050E700BF90F0000F04BF0021704730B548
:1003B0004FF4806404F1320410F0004548BF40421D
:1003C0004FF000013EE700BF42004FEAE2014FEA72
:1003D00031014FEA02701FBF12F07F4393F07F4F4D
:1003E00081F06051704732F07F4208BF704793F050
:1003F0007F4F04BF41F40021704730B54FF4607463
:1004000001F0004521F000411CE700BF50EA010265
:1004100008BF704730B54FF000050AE050EA01020E
:1004200008BF704730B511F0004502D5404261EB7E
:1004300041014FF4806404F132045FEA915C3FF4BF
:10044000D8AE4FF003025FEADC0C18BF03325FEA5C
:10045000DC0C18BF033202EBDC02C2F1200300FA0D
:1004600003FC20FA02F001FA03FE40EA0E0021FA32
:1004700002F11444BDE600BF4FEA4102B2F1E0438D
:1004800024BFB3F5001CDCF1FE5C0DD901F0004C7B
:100490004FEAC0024CEA5070B2F1004F40EB8300CB
:1004A00008BF20F00100704711F0804F21D113F1F7
:1004B0003872BCBF01F00040704741F480114FEA30
:1004C0005252C2F11802C2F1200C10FA0CF320FAB9
:1004D00002F018BF40F001004FEAC1234FEAD323D6
:1004E00003FA0CFC40EA0C0023FA02F34FEA430340
:1004F000CCE77FEA625307D150EA01331EBF4FF0C9
:10050000FE4040F44000704701F0004040F0FE40E3
:1005100040F40000704700BF80F0004002E000BFE0
:1005200081F0004142001FBF5FEA410392EA030FDE
:100530007FEA226C7FEA236C6AD04FEA1262D2EB28
:100540001363C1BFD218414048404140B8BF5B422D
:10055000192B88BF704710F0004F40F4000020F0C6
:100560007F4018BF404211F0004F41F4000121F0DC
:100570007F4118BF494292EA030F3FD0A2F1010226
:1005800041FA03FC10EB0C00C3F1200301FA03F164
:1005900000F0004302D5494260EB4000B0F5000F87
:1005A00013D3B0F1807F06D340084FEA310102F146
:1005B0000102FE2A51D2B1F1004F40EBC25008BFF8
:1005C00020F0010040EA03007047490040EB0000C2
:1005D000013A28BFB0F5000FEDD2B0FA80FCACF1C3
:1005E000080CB2EB0C0200FA0CF0AABF00EBC250F0
:1005F00052421843BCBFD0401843704792F0000FDE
:1006000081F4000106BF80F400000132013BB5E730
:100610004FEA41037FEA226C18BF7FEA236C21D0A6
:1006200092EA030F04D092F0000F08BF084670470B
:1006300090EA010F1CBF0020704712F07F4F04D1D9
:10064000400028BF40F00040704712F100723CBFEC
:1006500000F50000704700F0004343F0FE4040F416
:10066000000070477FEA226216BF08467FEA2363D4
:100670000146420206BF5FEA412390EA010F40F4BF
:10068000800070474FF0000304E000BF10F000430B
:1006900048BF40425FEA000C08BF704743F09643F2
:1006A00001464FF000001CE050EA010208BF70470D
:1006B0004FF000030AE000BF50EA010208BF704794
:1006C00011F0004302D5404261EB41015FEA010CA9
:1006D00002BF84460146002043F0B64308BFA3F1A1
:1006E0008053A3F50003BCFA8CF2083AA3EBC25383
:1006F00010DB01FA02FC634400FA02FCC2F12002A2
:10070000BCF1004F20FA02F243EB020008BF20F0D8
:100710000100704702F1200201FA02FCC2F120023E
:1007200050EA4C0021FA02F243EB020008BF20EA33
:10073000DC7070474FF0FF0C1CEAD0521EBF1CEA61
:10074000D15392EA0C0F93EA0C0F6FD01A4480EA4F
:10075000010C400218BF5FEA41211ED04FF0006338
:1007600043EA501043EA5111A0FB01310CF0004064
:10077000B1F5000F3EBF490041EAD3715B0040EA8A
:10078000010062F17F02FD2A1DD8B3F1004F40EB5A
:10079000C25008BF20F00100704790F0000F0CF02D
:1007A000004C08BF49024CEA502040EA51207F3AF1
:1007B000C2BFD2F1FF0340EAC250704740F40000CC
:1007C0004FF00003013A5DDC12F1190FDCBF00F0BD
:1007D00000407047C2F10002410021FA02F1C2F16B
:1007E000200200FA02FC5FEA310040F1000053EA07
:1007F0004C0308BF20EADC70704792F0000F00F055
:10080000004C02BF400010F4000F013AF9D040EA5A
:100810000C0093F0000F01F0004C02BF490011F4EE
:10082000000F013BF9D041EA0C018FE70CEAD153EC
:1008300092EA0C0F18BF93EA0C0F0AD030F0004C6C
:1008400018BF31F0004CD8D180EA010000F0004020
:10085000704790F0000F17BF90F0004F084691F0DE
:10086000000F91F0004F14D092EA0C0F01D1420218
:100870000FD193EA0C0F03D14B0218BF084608D1E1
:1008800080EA010000F0004040F0FE4040F400002B
:10089000704740F0FE4040F4400070474FF0FF0CBE
:1008A0001CEAD0521EBF1CEAD15392EA0C0F93EA05
:1008B0000C0F69D0A2EB030280EA010C49024FEA57
:1008C000402037D04FF0805343EA111143EA101310
:1008D0000CF000408B4238BF5B0042F17D024FF4C8
:1008E000000C8B4224BF5B1A40EA0C00B3EB510FA3
:1008F00024BFA3EB510340EA5C00B3EB910F24BF8C
:10090000A3EB910340EA9C00B3EBD10F24BFA3EB10
:10091000D10340EADC001B0118BF5FEA1C1CE0D1D8
:10092000FD2A3FF650AF8B4240EBC25008BF20F08B
:10093000010070470CF0004C4CEA50207F32C2BFDF
:10094000D2F1FF0340EAC250704740F400004FF07C
:100950000003013A37E792F0000F00F0004C02BFAD
:10096000400010F4000F013AF9D040EA0C0093F077
:10097000000F01F0004C02BF490011F4000F013BD1
:10098000F9D041EA0C0195E70CEAD15392EA0C0F39
:1009900008D142027FF47DAF93EA0C0F7FF470AF71
:1009A000084676E793EA0C0F04D14B023FF44CAFB4
:1009B00008466EE730F0004C18BF31F0004CCAD149
:1009C00030F000427FF45CAF31F000437FF43CAF85
:1009D0005FE700BF4FF0FF3C06E000BF4FF0010CA7
:1009E00002E000BF4FF0010C4DF804CD4FEA400289
:1009F0004FEA41037FEA226C18BF7FEA236C11D0D3
:100A000001B052EA530C18BF90EA010F58BFB2EB85
:100A1000030088BFC81738BF6FEAE17018BF40F005
:100A2000010070477FEA226C02D15FEA402C05D1B9
:100A30007FEA236CE4D15FEA412CE1D05DF8040B3E
:100A4000704700BF844608466146FFE70FB5FFF7D1
:100A5000C9FF002848BF10F1000F0FBD4DF808ED89
:100A6000FFF7F4FF0CBF012000205DF808FB00BF7A
:100A70004DF808EDFFF7EAFF34BF012000205DF8D4
:100A800008FB00BF4DF808EDFFF7E0FF94BF012021
:100A900000205DF808FB00BF4DF808EDFFF7D2FF1E
:100AA00094BF012000205DF808FB00BF4DF808ED61
:100AB000FFF7C8FF34BF012000205DF808FB00BF2E
:100AC0004FEA4002B2F1FE4F0FD34FF09E03B3EB5B
:100AD00012620DD94FEA002343F0004310F0004F9B
:100AE00023FA02F018BF404270474FF000007047F1
:100AF00012F1610F01D1420205D110F0004008BF90
:100B00006FF0004070474FF0000070477BB972B93A
:100B10000029BEBF00204FF0004106E008BF0028BA
:100B20001CBF6FF000414FF0FF3000F057B8ADF13F
:100B3000080C6DE904CE002909DB002B1ADB00F05C
:100B40004FF8DDF804E0DDE9022304B070474042CD
:100B500061EB4101002B1BDB00F042F8DDF804E003
:100B6000DDE9022304B0404261EB4101524263EBF4
:100B700043037047524263EB430300F031F8DDF862
:100B800004E0DDE9022304B0404261EB410170471B
:100B9000524263EB430300F023F8DDF804E0DDE9A3
:100BA000022304B0524263EB4303704753B94AB97E
:100BB000002908BF00281CBF4FF0FF314FF0FF3065
:100BC00000F00CB8ADF1080C6DE904CE00F008F8A7
:100BD000DDF804E0DDE9022304B07047704700BF90
:100BE0002DE9F04786468C460846089E1546744611
:100BF0001946002B40F0C2808542B2FA82F245D9F4
:100C00004AB1C2F1200300FA02FC2EFA03F3954028
:100C100043EA0C0C94404FEA154EA8B2BCFBFEF818
:100C2000230C0EFB18CC08FB00F943EA0C43994552
:100C300028D9EB1808F1FF3704D2994502D9A8F159
:100C400002072B44A3EB0903A4B2B3FBFEFC0EFB8B
:100C50001C330CFB00F044EA0344A04214D92C19C5
:100C60000CF1FF3304D2A04202D9ACF102032C44B0
:100C7000241A43EA07401EB1D44000233460736055
:100C8000BDE8F0874746DDE76346F1E792BB431BCB
:100C900001214FEA154EAFB2B3FBFEFC200C0EFB58
:100CA0001C330CFB07F840EA0343984562D9EB1864
:100CB0000CF1FF3004D2984502D9ACF102002B446C
:100CC000A3EB0803A4B2B3FBFEFC0EFB1C330CFB2E
:100CD00007F744EA0344A7424ED92C190CF1FF331D
:100CE00004D2A74202D9ACF102032C44E41B43EA2C
:100CF0000040C0E7C2F1200320FA03F19540904084
:100D00002EFA03F303434FEA154EAFB2B1FBFEFCDC
:100D10000EFB1C10190C0CFB07F841EA004188453A
:100D200004FA02F422D969180CF1FF3004D2884584
:100D300002D9ACF102002944A1EB08019BB2B1FB3E
:100D4000FEFC0EFB1C110CFB07F743EA01439F421C
:100D50000ED9EB180CF1FF3104D29F4202D9ACF14D
:100D600002012B44DB1B41EA004192E76046E3E7C6
:100D70006146F7E76046A3E76346B7E7834206D9D3
:100D800016B9002108467BE7C6E900E0F9E7B3FAA7
:100D900083F78FB9834201D3724508D8BEEB0204B2
:100DA00060EB030301209C461EB9002168E738462A
:100DB000FAE7C6E9004CF8E7C7F1200CBB4022FA7D
:100DC0000CF41C432EFA0CF120FA0CF3B84001434A
:100DD0004FEA14490EFA07F5B3FBF9F81FFA84FE3F
:100DE00009FB18300B0C08FB0EFA43EA00439A4546
:100DF00002FA07F240D9E31808F1FF3004D29A450D
:100E000002D9A8F102002344A3EB0A0389B2B3FB81
:100E1000F9F809FB183308FB0EFE41EA03418E4541
:100E20002CD9611808F1FF3304D28E4502D9A8F1FC
:100E30000203214443EA0040A0FB0298A1EB0E010B
:100E40004145CE46434602D306D14D4504D2B9EBC7
:100E5000020E68EB04030138002EA6D0B5EB0E029B
:100E600061EB030101FA0CFC22FA07F34CEA0303DD
:100E7000F940C6E9003198E74046C5E74346D9E75F
:100E800030F000422DE9F84F0146034604D1BDE899
:100E9000F84F01200AF094B8002803DABDE8F84FB3
:100EA0000AF096B8B0F1FF4F03DBFFF73BFBBDE85C
:100EB000F88FB0F5000F35DA4FF09841FFF73AFCA4
:100EC0006FF018020346C3F31604DE15764B234475
:100ED00003F400007F3E80F07E5016444FF07E51B8
:100EE000204306EBD356FFF71BFB704B04F10F02B8
:100EF00013400546002B3ED10021FFF7AFFD98B10E
:100F0000002E00F0C8803046FFF7C0FB6849054658
:100F1000FFF710FC674904462846FFF70BFC014623
:100F20002046C2E70022CEE75DA1D1E90001FFF72C
:100F3000A3FA2946FFF7FEFB01464FF07C50FFF76E
:100F4000EFFA294604462846FFF7F4FB01462046FF
:100F5000FFF7F0FB04460EB921466FE03046FFF77D
:100F600095FB53490746FFF7E5FB524906463846CD
:100F7000FFF7E0FB72E04FF08041FFF7D3FA014644
:100F80002846FFF78BFC81463046FFF77FFB49463A
:100F900080464846FFF7CEFB01468246FFF7CAFB74
:100FA0004549DFF818B10746FFF7C4FB4449FFF78E
:100FB000B9FA3946FFF7BEFB4249FFF7B3FA3946A3
:100FC000FFF7B8FB4049FFF7ADFA5146FFF7B2FB18
:100FD0003E4982463846FFF7ADFB3D49FFF7A2FA8E
:100FE0003946FFF7A7FB3B49FFF79CFA3946FFF765
:100FF000A1FB01465046FFF795FAC4F55713A344E9
:1010000003F5227343EA0B03002B074630DD4FF054
:101010007C512846FFF78EFB2946FFF78BFB0146E4
:1010200004463846FFF77EFA4946FFF783FB07463A
:1010300046B901462046FFF773FA01462846FFF7F6
:101040006FFA34E71A494046FFF774FB1949064620
:101050004046FFF76FFB3946FFF764FA014620462A
:10106000FFF75EFA2946FFF75BFA01463046E6E7EE
:1010700001462846FFF754FA4946FFF75BFB044652
:10108000002E3FF469AF0A494046FFF753FB094978
:10109000064640466CE7002009E700BFAFF300803A
:1010A000555555555555D53F20FB4A00F0FF7F005B
:1010B0008071313FD1F717379788173E305CCFFFEB
:1010C00025333A3E2549923EABAA2A3F4FD01C3EDB
:1010D000298E633ECDCCCC3E08B5054801F074F8AE
:1010E00005200BF0A4FFBDE80840002000F06EBF13
:1010F00000D027342DE98048424A43494348444DB3
:10110000BDB00AF07CFE002400F028FD4FF42470EE
:10111000002109F08EFF8DF87C40209420AB042242
:101120001FA9012000F0B8FD9DF8833001939DF8C0
:1011300082309DF88020009321469DF8813028461A
:101140000AF05DFE0134A420002109F072FF052C95
:10115000E4D1304800F05CFE01300CD12E480AF09A
:101160004EFE4FF40040002109F063FFF9E7212013
:10117000002109F05EFF00F055FF0028F7D00020A5
:1011800000F098FE013008D124480AF038FE4FF4F0
:101190000040002109F04DFFF9E7102001F002F8AE
:1011A000002000F099FF4220002109F042FF00F0EA
:1011B00039FF68B1002000F07DFE01300AD11848E7
:1011C0000AF01DFE4FF40040002109F032FFF9E75C
:1011D0002120E9E700F050FE014612480AF00FFE18
:1011E000032000F0CDFF104800F06EFE0446F8B179
:1011F0000E480AF004FE4FF40040002109F019FFE8
:10120000F9E700BF56DF00005FDF000063DF00008A
:1012100071DF0000D0DC000096DF0000A4DF0000DA
:10122000B1DF0000CADF000001020020DDDF0000A6
:10123000012000F085FFC34800F050FE4FF48040CD
:1012400000F056FE4FF4804000F064FE4FF47A70D8
:1012500000F032FF42F2283000F0C2FE204600F0DB
:10126000CFFE032000F018FEB7480AF0C8FD119425
:1012700009F0D1FE031B632B1C9040F24383119BAA
:10128000B24CB34EB348013300251193A37DB37024
:1012900084F84C5025852587A4F8485000F094FF29
:1012A0002A4631460C2000F047FE0C200122294638
:1012B00000F052FE284600F05FFE002840F0318129
:1012C00009F0A9FE05460E4600F08EFF000640F12B
:1012D0001A81802000F078FFFFF7FEFE9E4A1388F7
:1012E0000133138009F097FE4FF0000883461291F6
:1012F000C14609F090FE129BB0EB0B0061EB0301BD
:10130000142871F1000180F2F38000F06DFF4104B8
:10131000A06140F1E68058EA090303D109F07BFEA1
:10132000804689464FF4804000F04EFF00261FA8FB
:101330008DF87C6000F068FF1628014640F0CB80F5
:101340003246824800F0D8FE84498048A578A670CD
:101350000A220BF096FFA5700646002840F0BB80DD
:10136000FF2120A800F028FE042332464FEA022A7B
:1013700020AA4AEA166AD25C013B42EA0626524695
:10138000F4D220A800F00AFE00220423114620A86F
:101390000902C05C013B41EA126140EA0222F6D236
:1013A000B61A6AEB010A012E7AF10002D4F80A306B
:1013B000D4F80E50C0F28F80ED1A00F08C8000F04F
:1013C000ABFE514607463046FFF776F906463846EB
:1013D000FFF75CF94FF04A51FFF7ACF901464FF0C7
:1013E0007E50FFF79DF8002107462846FFF764F975
:1013F00001463846FFF79EF901463046FFF790F860
:101400004FF07C51FFF796F95549FFF793F955498D
:10141000FFF790F95449FFF78DF95449FFF780F829
:1014200000210546FFF724FB00B1002520A800F0AD
:1014300099FEBDF8BE00002800F0AA802B9E002E69
:1014400000F0A680FFF71EF907463046FFF71AF9AD
:101450004FF09041FFF76EF9394606463846FFF7E0
:1014600069F901463046FFF719FA09F051FD404984
:10147000FFF760F93F49FFF753F8074694F812A0C9
:101480006765BAF1020FA76500F287803A4B53F8FF
:101490002A6000213046FFF709FB00287AD0314648
:1014A0002846FFF73DF84FF07F5120F00040FFF74E
:1014B000FDFA00286ED03046FEF786FF0646284625
:1014C0000F46FEF781FF3246CDE900013B462B482F
:1014D00051460AF094FCFFF7FFFD94F84C30022BC4
:1014E00006D8A369264A13426ED0104600F06CFE5F
:1014F000A37D94F84C600133A375002E40F08680E4
:10150000002323650DE009F086FD401B61EB060119
:10151000332871F100010FDB1A480AF070FCFFF765
:10152000DBFD0D4B184A1B8812881199174803EBF5
:1015300043030AF064FCC1E12120002109F079FD98
:10154000C2E600BFFA010020ECDF000054050020D5
:10155000EE01002080D02734D6060020D8010020DC
:10156000C2A8892DC9E88E4D0000883FE5D0223EF3
:10157000000020413D8AE3422005002003E00000F6
:1015800000002210F7DF0000D40600207FE00000FA
:101590001A4F73E71A4B43F82A5094F84C30022B39
:1015A00099D8591C84F84C1004EB0311023304EB56
:1015B0000313012281F81CA00D621A81114A5F6099
:1015C00013880133138086E70F48034201D000F0EF
:1015D000FBFD58EA090304D02120002109F029FD70
:1015E00087E609F018FD129BB0EB0B0061EB0301DD
:1015F0000D2871F10001EFDB7AE700BF0000F0C2B7
:1016000020050020D406002000900534DFF8B0A2A9
:10161000002352461F4692F8281039B13CA8791C85
:1016200000EB8707106A47F8700CCFB20133D9B2CC
:101630008E4202F11002EED8002F00F0AD810DF1C4
:1016400080084FF000097A1E4A4500F268817B0845
:101650003CAA02EB830252F8705CFA070CD43CAA55
:1016600002EB8303284653F8741CFEF75BFF4FF030
:101670007C51FFF75FF805464FF000090027904BBB
:101680001297CB4693F82810A1B11A6A16932946EF
:1016900010461492FEF744FF20F000488949404666
:1016A000FFF704FA169B002800F059814FF0010261
:1016B00083F8292009F101095FFA89F18E4203F1CB
:1016C0001003DFD8BBF1000F09D000213846FFF727
:1016D000EDF920B112983946FFF7E0F80546012EE2
:1016E000774F40F05B8100233B65D4F850A0764CE7
:1016F000DFF8D881216A2846FEF712FF744960623C
:1017000083462562D8F80800FFF714F8714981462E
:101710005846FFF70FF801464846FEF703FF227FC1
:101720006D4944F82250531CDBB2072B28BF00231D
:101730002377637FC8F80800062B9CBF01336377CB
:101740005046FEF7F7FF01464FF07E50FEF7E8FEE9
:1017500062498146FFF78CF908B1DFF88091022ECB
:1017600040F07C815A494846FEF7E4FF81465C49D7
:101770004846FFF77DF908B1DFF8649159494846BA
:10178000FEF7D8FF98F80C30C8F804000646002B86
:1017900040F06A810123C8F8005088F80C30D8F86E
:1017A0000050DFF84491DFF84481D9F80010284652
:1017B000FEF7B6FE98F80030012B20F0004000F054
:1017C0006B81022B00F07B817BB9DFF824B14949A2
:1017D0008BF800303046FFF769F930B10123C9F8C2
:1017E00000508BF8003088F8003097F82830002B34
:1017F00000F06D81386AFEF7E7FDCDE9120197F838
:101800003830002B00F06881386BFEF7DDFDCDE944
:10181000140197F84830002B00F06381386CFEF714
:10182000D3FDCDE916015046FEF7CEFDCDE91801F6
:101830002846FEF7C9FD647FCDE91A019CB1072C4B
:1018400028BF07242049A20020A80BF004FD002790
:1018500004F1FF3B5F45C0F0498164083CAB03EBFA
:10186000840454F8705C214B1B780E93224B1B8828
:1018700003EB43030D93214B30461B880C93FEF77B
:10188000A3FDCDE90A012846FEF79EFDDDE91A34E5
:10189000CDE90634DDE91834CDE90434DDE9163448
:1018A000CDE90234DDE91434CDE90801CDE9003495
:1018B00011991348DDE912230AF0A1FA1C9C21E0DA
:1018C00054050020EC51383E2C050020B4050020C2
:1018D000CDCC4C3FCDCC4C3E000020409A99193ED7
:1018E000CDCC4C3D0000C842B0050020DF060020F2
:1018F000DE0600200000A042D6060020D40600200C
:101900001EE0000000F070FC894B184202D018461F
:1019100000F05AFCA420002109F08BFBA8E409F197
:101920000105EDB2C346BD4204D309F1010908F136
:10193000040889E65BF8043FD8F8001016921846B0
:1019400014911293FFF794F8169A28B1129B1499E8
:10195000C8F80030CBF800100135EDB2E3E7754967
:10196000169308F10040FEF7E5FE09F0D9F90146AB
:1019700080461498FEF7DEFE01461298FEF7D2FD6F
:10198000414612903846FEF7CDFD0BF10101169B42
:1019900007465FFA81FB8DE60025A0E6D4F820B06B
:1019A000D4F8308059464046FFF762F8C8B9D946A6
:1019B00059464046FFF77AF800B9D846032E12D0B0
:1019C00049464046FEF7ACFD5B49FEF7A9FD002104
:1019D0008046FFF74DF800287FF485AEC7F85080A9
:1019E00083E6C146E4E7D4F840B048465946FFF7DD
:1019F0005DF800B1D94659464046FFF739F800B9BD
:101A0000C34649465846FEF78BFD4B49FEF788FD15
:101A100000218046FFF72CF8B0B100233B65474812
:101A200000219AF81C20022A08D830F8123001331D
:101A30009BB2312B88BF002320F8123001310329DB
:101A40000AF1100AEDD150E63D49C4F850804046F5
:101A5000FFF70EF800283FF448AEE0E7012E7FF4D0
:101A600086AE4FF07C517EE63649D8F800B0484645
:101A7000FEF760FE3449FEF755FD5946814628467B
:101A8000FEF74EFD01464846FEF754FE5946FEF766
:101A900049FDC8F8000082E62B49FEF7E9FFA0B136
:101AA0002A493046FFF702F878B1294A1378013302
:101AB000DBB2052B13707FF698AE022393E625491F
:101AC000FEF7F4FF00283FF490AE00238BE6224B94
:101AD0000022CDE9122392E61F4B0022CDE9142308
:101AE00097E61D4B0022CDE916239CE67D1C5FFA8C
:101AF00085F920AB03EB89053CABC84603EB8707B0
:101B0000444501D84F46A5E655F804AB57F8701C7C
:101B10001D915046FEF7ACFF20B11D9947F870ACFF
:101B200045F8041C08F101085FFA88F8E8E700BFEF
:101B3000009027340000C0401B2FDD3DD806002058
:101B4000CDCCCC3E9999993ECDCC4C3D0000A042E5
:101B5000DE060020CDCC4C3E0000F0BF38B5234B54
:101B6000234818600BF07FFA20B92248BDE83840BE
:101B70000AF045B9204D214C2148224B28602360B2
:101B80000BF071FA08B92048F0E720680BF06BFA07
:101B90000028F8D02068062109F04DFA20680122BB
:101BA000062109F056FA2068132109F044FA20684A
:101BB0000122132109F04DFA2868192109F03BFA96
:101BC00028680022192109F044FA00214FF4A4707A
:101BD0000BF0DAFA28680122192109F03AFA4FF4D9
:101BE000A47000210BF0D0FA0848BFE7CC05002014
:101BF00040D7000097E00000C8050020C405002081
:101C0000ECD60000D0D60000A7E00000B8E000004D
:101C10002DE9F04100EB0208B8F5807FC4B004461E
:101C200015461F462DDC04AE024630460BF013FB72
:101C300025B12A46394630190BF00DFB124DCDF86F
:101C400008D0CDE900682868012600220621039605
:101C500009F0FFF90D4B186883680D491C6802AA4A
:101C60000023A047324604460621286809F0F1F90E
:101C70001CB1084821460AF0C2F8204644B0BDE82D
:101C8000F0814FF0FF34F8E7C4050020CC050020B8
:101C900018DC0000C7E000002DE9F0478418B4F517
:101CA000807FADF5087D054616461F4642DC0DF1E6
:101CB00020080246DFF884A040460BF0CCFA3246FA
:101CC00008EB050000210BF0D4FA0DF5907902AB7A
:101CD000CDE90084DAF80000CDF810D04FF001080B
:101CE00000220621CDE90583CDE90294CDF81C80C0
:101CF00009F0AFF9124B1868836812491C6804AAEE
:101D000006ABA047424604460621DAF8000009F077
:101D1000A0F944B10C4821460AF071F820460DF5AF
:101D2000087DBDE8F087324609EB050138460BF027
:101D300092FAF3E74FF0FF34F0E700BFC40500204C
:101D4000CC05002018DC0000DBE000002DE9FF419D
:101D500083688E685F690B6801934B68FC6B029324
:101D6000002202AB56210546A047044640BB95F928
:101D70005820AB68002A5B6937DBD3F83C80024609
:101D800003AB5E212846C04778BB039BE6B903F549
:101D9000783303F52073019332460121284609F078
:101DA0008CF9FC6B01AB002205212846A0470446B4
:101DB00030BB0346FE6B032223212846B04704466E
:101DC000204604B0BDE8F08101990F480F4AC91AB6
:101DD00081FB00010023FEF799FEB0F57F7FB8BFBD
:101DE0004FF47F70A0F57F76D6E7FC6B002ED8D13C
:101DF0003346324623212846A04704460028DFD038
:101E0000284609F086F9DBE740420F000098E00E13
:101E100073B5044618B94FF0FF3002B070BD0368C7
:101E2000134A144D002B08BF134642681A6082689B
:101E30005A602B60904700238DF803302B681B6895
:101E400004221E680DF1030101AB0120B047E368D5
:101E5000227C019E03EB82029342DCD053F8041BE8
:101E600008684C6870402040F6D12B689960D4E730
:101E700020020020D005002013B5064B18688368A7
:101E80001B6900221C6B019201AB1146A04701980F
:101E900002B010BDD005002010B4054B02461868F2
:101EA00083681B691C6B1521A446002310BC604786
:101EB000D0050020034B0146186882681269926AB7
:101EC000104700BFD0050020034B01461868826808
:101ED00012691268104700BFD0050020034B01466D
:101EE000186882681269D269104700BFD0050020C7
:101EF00013B5074BADF80600186883681B6900220C
:101F00001C6B1F210DF10603A04702B010BD00BFDE
:101F1000D005002013B5074BADF80600186883689C
:101F20001B6900221C6B21210DF10603A04702B0A2
:101F300010BD00BFD005002030B41346054A054649
:101F400010688268126954680A46A446294630BC63
:101F5000604700BFD005002030B41346054A05464F
:101F600010688268126994680A46A446294630BC03
:101F7000604700BFD005002013B5074B8DF8070060
:101F8000186883681B6900221C6B04210DF107038C
:101F9000A04702B010BD00BFD005002010B4054A14
:101FA0000346106882681269146B3721A446002228
:101FB00010BC6047D0050020034B014618688268BA
:101FC00012695269104700BFD0050020034B01463B
:101FD000186882681269526A104700BFD005002055
:101FE00013B5064B0190186883681B6900221C6BAF
:101FF000582101ABA04702B010BD00BFD0050020A2
:1020000013B5074BADF80600186883681B690022FA
:102010001C6B56210DF10603A04702B010BD00BF96
:10202000D005002013B5084B186883681B6900228F
:102030001C6B8DF807200DF107035F21A0479DF869
:10204000070002B010BD00BFD005002013B5084B3B
:10205000ADF80600186883681B6900221C6B8DF8B8
:10206000042001AB5921A0479DF8040002B010BD27
:10207000D005002013B5074BADF8040018688DF8A3
:10208000061083681B6900221C6B5A2101ABA04714
:1020900002B010BDD005002010B5064C0346014427
:1020A00010468B4200D110BD13F8012B4240A05CBA
:1020B000F7E700BFEEE0000013B5064B019018688B
:1020C00083681B6900221C6B122101ABA04702B080
:1020D00010BD00BFD005002013B5064B0190186855
:1020E00083681B6900221C6B432101ABA04702B02F
:1020F00010BD00BFD005002030B41346054A054688
:10210000106882681269D4680A46A446294630BC21
:10211000604700BFD005002013B5084B18688368DE
:102120001B6900221C6BADF806200DF1060330215F
:10213000A047BDF9060002B010BD00BFD0050020C9
:1021400013B5074B8DF80700186883681B690022D8
:102150001C6B2B210DF10703A04702B010BD00BF7F
:10216000D005002010B4054A034610688268126941
:10217000146B3321A446002210BC6047D005002018
:1021800013B5074B8DF80700186883681B69002298
:102190001C6B5C210DF10703A04702B010BD00BF0E
:1021A000D005002013B5074B8DF807001868836829
:1021B0001B6900221C6B44210DF10703A04702B0EC
:1021C00010BD00BFD005002013B5064B0190186864
:1021D00083681B6900221C6B7F2101ABA04702B002
:1021E00010BD00BFD005002013B5064B18688368EA
:1021F0001B6900221C6B019201AB8121A047019851
:1022000002B010BDD005002037B50A4B044618684F
:1022100083681B6900221D6BADF8042001AB8DF8AB
:1022200006208521A8479DF80630BDF804002370DC
:1022300003B030BDD0050020B329024818BF0020EC
:10224000704700BFD405002037B50A4D0222294649
:10225000044609F0CEF800F00F0303330F2B28BF1C
:102260000F2300930222F0232946204609F065F847
:1022700003B030BD4000070008B50349032209F050
:10228000B8F8C0F3021008BD6000030070B5094E35
:102290000C4600223146054609F091F8000D000574
:1022A000C4F313030343314628460022BDE87040BF
:1022B00009F0F2BA0800010070B500220C464FF494
:1022C000A021054609F07BF80A4B0340E00748BF10
:1022D00043F48023A10748BF43F410436207284614
:1022E00048BF43F01203BDE8704000224FF4A02124
:1022F00009F0D2BAC00FE0FF70B50C4605460B6876
:102300000B49002209F0C8FA63680A4928460022EE
:1023100009F0C2FAA36808492846002209F0BCFA6D
:10232000E368064928460022BDE8704009F0B4BAC7
:102330000C0002001000020014000200180002004D
:1023400070B50C4605460B680B49002209F0A4FA4B
:1023500063680A492846002209F09EFAA3680849E2
:102360002846002209F098FAE36806492846002228
:10237000BDE8704009F090BA1C0002002000020085
:10238000240002002800020005292DE9F047044638
:1023900040D1264D264E274FDFF89C80DFF89C90D9
:1023A000DFF89CA0274B28492046002209F074FA48
:1023B000534620462549002209F06EFA4B46204636
:1023C0002349002209F068FA4346204621490022A9
:1023D00009F062FA3B4620461F49002209F05CFAE8
:1023E000334620461D49002209F056FA2B46204666
:1023F0001B49002209F050FA20461A4B1A490022C4
:1024000009F04AFA2046194B1949BDE8F047002265
:1024100009F042BA174D184FDFF86080DFF860907E
:10242000DFF860A0184B2E46BDE700BFF5CF0100D6
:10243000B5CF010036CF01007EC70100BEC6010046
:102440003EC40100FDC00100380003003C00030051
:102450004000030044000300480003004C00030058
:1024600050000300400200101C00030089A46D1BF3
:1024700020000300B5AF02007DAF02003EAF0200B6
:10248000FEA5020036AC0200FEA80200F7B51C460D
:1024900090F87630032B04EB02030F4614BF4FF481
:1024A00090114FF49811B3F5806F0546164606DA81
:1024B0007F2C06D813460097224608F077FF03B01A
:1024C000F0BD0B0C0022084909F0E6F90749234644
:1024D0000022284609F0E0F90097334600224FF425
:1024E000E8112846E9E700BF04001F0008001F00AC
:1024F000002302491A4609F0CFB900BF04000700C3
:1025000037B510230D4600930949FF2300220446E6
:1025100008F013FF022D2B464FF0000238BF0223B4
:102520002C21204603B0BDE8304009F0B5B900BF0A
:1025300024000F0070B50D4E04460D4601233146B0
:10254000002209F0B3F92B4620460949002209F080
:10255000ADF9314620460022022309F0A7F92046B2
:102560000449BDE87040002208F029BF08000B00B4
:1025700004000B0010000B00012910B504463DD1EA
:1025800033491823002209F091F940F20223002276
:102590004FF43021204609F089F9022300224FF43C
:1025A0003021204609F082F940F2F33300224FF443
:1025B0003021204609F07AF940F2F31300224FF45B
:1025C0003021204609F072F940F2013300224FF425
:1025D0003021204609F06AF940F20113204600221A
:1025E0004FF4302109F062F920464FF40073BDE842
:1025F000104000224FF4302109F058B940F2022374
:1026000000224FF4302109F051F9022300224FF447
:102610003021204609F04AF940F2F33300224FF40A
:102620003021204609F042F940F2F31300224FF422
:102630003021204609F03AF94FF4417300224FF45B
:102640003021204609F032F94FF48273C6E700BF0B
:1026500008000B0038B590F87630012B04460D4683
:102660001CD0032B23D115490022F02309F03DF99A
:1026700000224FF4F011204608F0B0FE2B7802043F
:102680004CBF43F0010303F0FE032B7094F873304A
:1026900083B900F07F00A4F8860038BD0749002206
:1026A0000F2309F022F900224FF4C011E3E70022C2
:1026B0004C21E1E7C0F30900EDE700BF2400010071
:1026C00037B5CB074CBF002310230C464CBF0093FB
:1026D000009305464CBFEF23FF2302224FF46021F5
:1026E00008F02BFE620885F87E400CD10A490123D0
:1026F000284609F0FAF895F87E3043F0020385F891
:102700007E3003B030BD044913462846002203B092
:10271000BDE8304009F0E9B828000100002370B599
:102720001A464FF42021044609F0C0F800230A4D50
:102730000A491A46204609F0D8F800231A462946C5
:10274000204609F0D2F8294620460223BDE8704011
:10275000002209F0CAB800BF04000A0014000A00F1
:1027600038B50D4D04460B4600220C4909F09EF881
:10277000294620468823002209F0B7F800231A468C
:102780002946204609F0B1F820460549BDE8384001
:10279000002208F02EBE00BF04000A000C000A0050
:1027A00008000A0070B5CBB205460C461646104923
:1027B000002209F07BF8334628460E49002209F032
:1027C00094F8FF2C98BF00230B4C88BF01235B01BA
:1027D0002146284643F09003002209F086F80023A2
:1027E000214628461A46BDE8704009F07EB800BF71
:1027F0000C000A0010000A0004000A0070B505462B
:102800000C46164640F20B110022FFF7CBFF4FF4A7
:1028100082712846FFF7A4FF4FF4827100F01F0277
:102820002846FFF7BFFFB5F87830234323F4006351
:102830009BB2A5F87830284600224FF4202109F0F9
:1028400035F8334628460349BDE87040002209F0B8
:102850004CB800BF14000A00F7B51C460B44B3F592
:10286000806F06460D4617461DDA7F2C09D8009268
:102870000B4622464FF4A01109F004F8002003B0E3
:10288000F0BD0A491423002209F006F8084923463E
:102890000022304609F000F800972B4600224FF442
:1028A000E8113046E8E74FF0FF30E8E704001F008A
:1028B00008001F0073B5294B29492A4E00220546FE
:1028C00008F0EAFF102300932549FF230022284641
:1028D00008F033FD0324142008F0CBFB002231461E
:1028E000284608F086FD01282FD0013C14F0FF0493
:1028F000F1D16FF0020400231A461949284608F066
:10290000F4FF184901230022284608F0EEFFF4B92D
:102910000123134900930222FF23284608F00DFDEE
:1029200011492246284608F04AFD6FF06046B04241
:1029300010D022460D49284608F041FDB04208BF9C
:102940006FF00404204602B070BD0024D3E76FF09E
:102950000204F7E76FF00304F4E700BF0100020090
:102960000C00040020000400140004001C000400FB
:1029700090F8A8308B4237B505460C4609D04B017C
:10298000DBB2009304491F23012208F0D6FC85F82E
:10299000A84003B030BD00BF100009002DE9F84386
:1029A00000224FF4F811044608F023FD00224421D0
:1029B0008046204608F003FD20F001060746334616
:1029C00000224421204608F067FF0023C4F8843029
:1029D00084F8883094F87D30C4F88C4003F0030309
:1029E000032B04F18009C4F8806007F4005504D17A
:1029F0001DB148F008085FFA88F87A0544BF04233F
:102A000084F8883018F0800F1CD00022482120461E
:102A100008F0E4FC00220346A4F884004821204684
:102A200008F044FF94F87C301BB1D4F880305B0789
:102A300004D4B4F8843003F460631BB1E3690BB1D0
:102A40004846984718F0010F07D007212046FFF7A6
:102A50008FFFE3680BB14846984718F0400F03D04A
:102A6000636A0BB1484698473F0408F0080312D543
:102A700094F83C20D0070ED51DBB002B7CD1002341
:102A800084F8883004F188012046FFF7E3FDB0FAAE
:102A900080F77F0923E025B94BB184F888502F4691
:102AA0001DE094F89050012D13D0002B62D118F046
:102AB000100F00F0B180A369002B77D048469847EB
:102AC00074E094F89050012DD9D0002B54D11D46BC
:102AD000D5E70027002B4AD184F888301F4694F8A8
:102AE0007630B3B159490022204608F082FC94F8B0
:102AF0007630032B08BFC0F30710C10748BF46F468
:102B00008046820748BF46F40056430748BF46F454
:102B100080667003C4F8806032D594F8883043F042
:102B2000080384F88830F20042BF94F8883043F0FC
:102B3000100384F8883057BBB3043BD594F87D303C
:102B400003F00303032B35D194F88830A4F8867082
:102B500043F0020384F888302569002D68D194F889
:102B60007630002B4DD1002384F888309FE784F81D
:102B70008870B4E7002590E7002584F8885081E745
:102B80007105D0D594F8883043F00403C9E794F870
:102B90008830256943F0020384F888300023A4F8C4
:102BA0008630002D44D194F8763083BB002384F81E
:102BB000883031E006F480462E4304D004F18801C9
:102BC0002046FFF747FDB4F88630002BC4D194F8B7
:102BD0007D3003F00303032BBED0D4F8803023F400
:102BE000904343F48053C4F88030A3690BB1484646
:102BF000984794F87630002584F88850002B3FF4ED
:102C000056AF204608F07DFE84F888504FE72046F6
:102C100008F077FE84F8885018F0200F06D063691A
:102C20000BB148469847002384F88830BDE8F88304
:102C30004846A84794F8763013B1204608F061FE64
:102C4000002384F88830002FE6D130E7240001000B
:102C500007B590F876300091012B0BD0032B4FF085
:102C600005030BD104224FF4F01108F09FFB03B0D1
:102C70005DF804FB034905230022F6E700226421E6
:102C8000F3E700BF0400180070B500222C210446B1
:102C900008F095FB064905460122204608F0A9FBED
:102CA00000222B1A2C212046BDE8704008F0F4BD0C
:102CB0000400010002494FF40073002208F0F6BD41
:102CC0000400110011F01D03F7B5054601F00204E0
:102CD00053D011F0010725D0FCB1002300931A4610
:102CE0000D2108F0CFFD03224421284608F081FB86
:102CF00010F0080206D12E49284608F060FBB0F516
:102D0000502F43D10023284600931A46194608F055
:102D1000B9FD4FF0FF3003B0F0BD009423462246CA
:102D20000321DEE711F008060DD008F029FE2CB1D2
:102D300000973B463A460F212846D2E700942346A7
:102D400022460721F8E711F010030CD0FFF79CFF93
:102D500024B10096334632460E21EDE70094234617
:102D600022460521E8E71CB100931A461021B8E776
:102D70000094234622460921B3E711F020010CD02C
:102D800034B100931A46112108F07CFD0020C2E7FF
:102D90000094234622460B21F6E724B100910B460E
:102DA0000A460C21F0E70094234622460121EBE776
:102DB00030000F00024941F62203002208F076BDE0
:102DC00004001100012970B5044607D0142008F052
:102DD00050F92046BDE87040FFF76CBD0D49002258
:102DE00008F0FCFA0B4940F205134FF6FF72064655
:102DF000204608F02DFE142008F03BF92046FFF78E
:102E000059FD0449054600232046324608F020FEBD
:102E1000284670BD48000700F7B516461D464FF618
:102E2000FF7248F240030F461849044608F010FEAE
:102E3000AA1943F201039A4225DC7F2D11D800978D
:102E400033462A464FF4A811204608F0AFFA0F493E
:102E5000002347F6BF72204603B0BDE8F04008F0FB
:102E6000F7BD0B4915230022204608F015FD09493E
:102E70002B460022204608F00FFD00973346002223
:102E80004FF4E811E0E709F0E8F800BF0400110092
:102E900004001F0008001F002DE9F04F85B0022A32
:102EA000BDF838A09DF83C900646884600F2928016
:102EB0004A4931F812204A4913449BB203934FF612
:102EC000FF7248F2400308F0C3FD4546002757450E
:102ED00006D2039B03EB070B43F201039B450ADD7C
:102EE00030463F49002347F6BF7208F0B1FD00208D
:102EF00005B0BDE8F08FAAEB0704A4B2102C394945
:102F00004FF015034FF00002304628BF102408F0A0
:102F1000C3FC5B4634490022304608F0BDFC04EB9C
:102F200044035B00314A009201339BB200224FF40C
:102F3000E81130464FEA440B08F038FAB9F1000FB7
:102F400034D07B00002229490293104647F6FF7EC9
:102F500091F803C08B784FEA0C4C0CEB032C4B78A8
:102F60006344B3F5802FDFF888C0C3F3110338BF83
:102F70004FF0000CB9F1020F43EA0C0324D14CEAE4
:102F80005303DDF808C06044DFF868C06345B8BF8C
:102F900063460132734592B2A8BF73465A4528F87A
:102FA000103001F103011046D2D30AE02B460F4A3C
:102FB000062505FB043512F8011F03F8011B9D428D
:102FC000F9D13C44A7B282E7B9F1030F08BF4CEA3C
:102FD0009303D6E74FF0FF308AE700BF40DF0000E1
:102FE0000400110004001F0008001F00E00600207C
:102FF0000000FCFF0080FFFF012A18BFCA430B46F8
:1030000008BF4FF6FF7203491CBF002392B208F0BD
:103010001FBD00BF0C00050010B5044608494FF461
:10302000C0734FF6FF7208F013FD94F86C30054939
:1030300020464FF6E072BDE8104008F009BD00BF21
:1030400008000B001F00110010B504460021FFF717
:1030500093FA94F86C3013B12046FFF7DDFF204659
:103060000349BDE810401423012208F03EBC00BF14
:103070005000070070B5042304460D46002229497C
:1030800008F033FC28490022204608F098F9264928
:1030900002234FF0FF320646204608F0EAFC2D03DB
:1030A000204900236FF4C002204608F0E2FC45F0FE
:1030B000200300224FF40021204608F0EDFB0123FD
:1030C0006FF001024FF40021204608F0D2FC174DAA
:1030D00000222946204608F072F9C307F8D50022DD
:1030E0004FF00811204608F079F9002305461A46EA
:1030F00020464FF4002108F0F8FB00231A46204632
:10310000084908F0F2FB334620460749002208F040
:10311000C3FB2046034900236FF4C00208F0A9FC5A
:10312000284670BD3400070048000700040008006E
:103130002DE9F74F04460D469046994600224FF080
:103140001A130F46714908F0A7FB714B714A724977
:10315000204608F08EFC0123704900930022FF23D3
:10316000204608F0EAF86E490222204608F041F9AC
:10317000032821D16B490022204608F03AF940F09B
:10318000030368490646DBB20022204608F0ADFB87
:10319000654A66494FF40003204608F06AFC63491B
:1031A00000236FF40002204608F063FC5D493346BB
:1031B0000022204608F099FB5D4B5E49DFF878B1AC
:1031C0000022204608F068FB41F63C7300224FF4D1
:1031D0001021204608F060FB5849142301222046A4
:1031E00008F083FB56494FF460236FF47F022046BA
:1031F00008F03FFC534B544A5449204608F039FC30
:103200004FF080634FF0FF324FF4E021204608F08A
:1032100030FCEB0403F0807305F01F051D434C4A9E
:103220004C492B46204608F024FC4B494FF4805370
:103230004FF0FF32204608F01CFC354B00224FF4C3
:10324000E021204608F028FB404607F012FF002648
:103250004E4502D16FF001003AE04049002220467D
:1032600008F0C7F800223E498246204608F0C1F81F
:1032700000F00B020B2A2ED10AF04603462B2AD16E
:10328000284902234FF6FF72204608F0E1FB274948
:103290004FF480036FF40002204608F0EAFB234954
:1032A00000236FF48002204608F0E3FB00231A4657
:1032B0001949204608F0F0FA00231A4620464FF438
:1032C000E02108F0E9FA0C9B00201E70C4F8A4501D
:1032D00003B0BDE8F08F43075ABF6FEAD00000F09B
:1032E00001004FF0FF300744FB0403F0807307F048
:1032F0001F051D4317492B465A46204608F0B9FBC7
:10330000404607F0B6FE0136A2E700BF48000700BE
:1033100000C00504FF3FFDFB04000700140001008E
:1033200030000F0004001100FFFE7FFF08001100B5
:103330003400011C1C000700E0FFFFFE50000700E6
:1033400018000700FC00080000FEF7FF0800090055
:1033500000FF3F0004000900100009000C000900F4
:103360003C00070073B502220D464449044608F0AC
:1033700040F8012803D1002D60D100205AE0032835
:103380001FD1012DF9D0022D5BD1032300932046DC
:103390003B49FF23002207F0D0FF204639494FF474
:1033A00000036FF4807208F064FB00230093204652
:1033B00034497F232A4607F0C0FF2046FFF77AFCF6
:1033C000DBE7022838D1022DD7D0012D39D1204694
:1033D000FFF770FC0223012500930022FF23442104
:1033E000204607F0AAFF28490095FF232A462046D9
:1033F00007F0A3FF23490095FF232A46204607F044
:103400009CFF00222149204607F0F3FF8207B4D435
:103410001E4E3125142007F02CFE00223146204696
:1034200007F0E7FF8307A8D4013D15F0FF05F1D1B0
:103430006FF0010002B070BD03281BD8012DA2D18E
:10344000C5E70123009320460D49FF23002207F022
:1034500074FF20460B494FF400036FF4807208F0AC
:1034600008FB0023009307497F230222204607F030
:1034700064FF82E76FF00800DCE700BF30000F0058
:103480000400110008001100080009000C000900E8
:103490002DE9F047564FDFF85C910D461646394648
:1034A0000022044607F08BFF394680464FF47043F4
:1034B00020464FF0FF3208F0DCFA1823002249467C
:1034C000204608F0F3F92046252108F0FAF92046B5
:1034D000022108F0F6F920464FF4FE7108F0F1F9E8
:1034E000F1B2204641F4807108F0EBF920464FF428
:1034F000807108F0E6F92046002108F0E2F9204644
:10350000022108F0DEF920464FF4E07108F0D9F905
:10351000E9B2204641F4807108F0D3F9C5F30721E0
:10352000204641F4807108F0CCF9C5F307412046EC
:1035300041F4807108F0C5F9290E204641F48071EC
:1035400008F0BFF92046002108F0BBF920463A21D7
:1035500008F0B7F9204640F2FF1108F0B2F9204612
:103560004FF4857108F0ADF92046002108F0A9F963
:1035700020463A2108F0A5F9204640F2011108F052
:10358000A0F92046022300224FF4302108F08EF9E2
:1035900000231A464FF43021204608F087F9022014
:1035A00007F069FD20463A2108F08BF920464FF4D8
:1035B000817108F086F92046022300224FF4302161
:1035C00008F074F900231A4620464FF4302108F021
:1035D0006DF900231A464946204608F067F943462C
:1035E000394620460022BDE8F04708F055B900BF33
:1035F0004400070008000B00052905D140230549B8
:103600006FF4005208F035BA092902D14FF4015382
:10361000F5E7704708000B0010B590F86D20012AFF
:1036200004460CD149B2FFF7E7FF20460549BDE843
:1036300010404FF4C84348F2FF1208F009BAFEF7F1
:10364000A3FEF2E71800030070B511F0010605466D
:103650000C4624D04FF410736FF47C624FF4A02119
:1036600008F007FA4FF0FF3215494FF404032846DB
:1036700008F0FFF914F0020207D14FF488732846CE
:103680001049BDE8704008F007B90F4B0D49002202
:10369000284608F001F94FF488730022EFE733461B
:1036A0006FF47C624FF4A02108F0E3F9334628461A
:1036B0000449BDE870404FF6FF6208F0C9B900BF89
:1036C000040011001600110010010F0037B500238F
:1036D0001A460D461049044608F0DEF800231A4643
:1036E0004FF4E021204608F0D7F8062300930B4959
:1036F000FF230122204607F020FE55B108494FF074
:10370000E0534FF2FF02204603B0BDE8304008F01E
:10371000B0B903B030BD00BF480007000800110079
:10372000140007007F2A10B541EAC323044607D8D6
:1037300043EA0243BDE81040094A242108F099B940
:10374000803243EA02432421054A08F092F92046D8
:103750000022BDE810404FF4002107F04ABE00BF30
:1037600000F400FC73B504460E461546AAB91C4980
:103770004FF008234FF0FF3208F07BF918494FF063
:1037800060134FF0FF32204608F073F91549009599
:10379000F9230122204607F0D0FD134B4FF0FF32F2
:1037A0004FF4E021204608F064F9B6B10F49002239
:1037B000204607F004FE4FF2FF03034008BF4FF41A
:1037C00080530A4943F0012343F48033FF2220460B
:1037D00002B0BDE8704008F04CB902B070BD00BF47
:1037E0004800070008001100003C00021400070018
:1037F000024B03494FF0FF3208F03BB9003C000296
:103800000400070073B504460D46FFF7D3FA002203
:1038100011462046FFF7A6FF2046FFF7E9FF1549AE
:10382000154EC5F30B030022204608F03FF8032392
:1038300000931149FF230022204607F07EFD00225D
:103840003146204607F0D5FD10F00105F7D120469E
:10385000FEF74EFE29462046FFF738FF2046FFF7C9
:1038600029FA06492A46204607F0C3FD00F03F002A
:1038700002B070BD1C000800100008001C0007000A
:1038800070B5B1F8052005460C4662B90B780849B9
:1038900008F02BF8D4F80130064928460022BDE88C
:1038A000704007F0F9BF1146FFF7ACFFF2E700BF29
:1038B0001C0007000C0001002DE9F74311F004087B
:1038C00090F89C50044601F0080303D101F00C026B
:1038D0000C2A22D13BBB01F00C01A1F10C004642A5
:1038E00046414FF0010859490022204607F076FD75
:1038F000C10707461BD42046FEF7A6FC4FF005097A
:10390000C5B900225249204607F073FD820719D439
:1039100001212046FFF726FD85E033B90025284622
:1039200003B0BDE8F0830126DBE70126DBE74FF0BB
:103930000909E5E72946204607F011FD054600285C
:10394000DFD0ECE702223C21204607F052FD0306BF
:1039500066D5002302223C21009320467F2307F0F6
:10396000ECFC204608F0A2F8802302224421054600
:10397000204607F0BAFF802300930222FF233C2158
:10398000204607F0DAFC002DC9D1324918232A4617
:10399000204607F081FFE8232F492A46204607F0FA
:1039A0007BFFB4F8783003F0E003602B3DD0A02B10
:1039B0003ED0202B07D14FF4806328496FF4C052CA
:1039C000204608F056F82EB1254B26490022204605
:1039D00007F062FFB8F1000FA0D094F87E205208E3
:1039E00029D101232049204607F07FFF94F87E303B
:1039F00043F0020384F87E30C7F3C407093F0F2F5A
:103A000007D894F86D30012B494620461AD1FFF7AC
:103A1000F3FD0121204603B0BDE8F043FFF7D2B922
:103A2000204608F043F80546ADE74FF44063C4E78D
:103A30004FF4A053C1E713460B490022204607F07C
:103A400054FFD9E7FEF7A0FCE3E700BF1400010034
:103A50000C0009000C001F0010001F0008000B00E4
:103A600067070E04180007002800010070B5104B0E
:103A70000C4615460F490222064607F00DFF631E4D
:103A80000F2DA8BF0F25032B28BF04241023E340CC
:103A900030460949002207F0FFFE631E9B0005FA2D
:103AA00003F330460549BDE87040002207F0F4BE3C
:103AB0001408D200100011002800070018000800A8
:103AC00090F87D3063B390F89230013393FAA3F30A
:103AD000B3FA83F3013BDAB2072A1FD8114A01294E
:103AE00032F813309BBF4FF435625A431A01930CDE
:103AF0008CBFC2F30A02C2F3CA1202F5806288BF09
:103B0000DB09B2F5006F00D301331B0403F4FE039D
:103B1000054A064943F00A0307F0ABBF1023F4E758
:103B2000704700BF46DF0000E0FF80FF12000E007C
:103B300000042DE9F04700F47F002E4C40F007030D
:103B4000A3424FEA910643D82B4883424DD12B4BD9
:103B5000462500204FF0FF3A03F1FF3CD046FF27F7
:103B6000814607E0BE4502D277464FFA80FA01301F
:103B7000854216D01CF8013F994281EA03044FEABE
:103B8000930E2BD0A307F2D17645EBD3EFD9F145B5
:103B900038BF4FFA80F800F1010038BFF146854286
:103BA000E8D118EA0A0F20D45FFA88F8A8EB0A0ACD
:103BB000A6EB0903A7EB09075FFA8AFA0AFB03F3EE
:103BC000FFB293FBF7F3A8EB03085FFA88F807E06E
:103BD0000B48834209D10B4B4B25BAE75FFA80F8BB
:103BE00082F800800020BDE8F0874FF0FF30BDE88C
:103BF000F08700BF0100090007000500B4E20000E3
:103C0000070009001BE200002DE9F04F91F800E0E9
:103C10004F78CC78514D4FEA004CBE458878F0463D
:103C200028BFB846804528BF80460CF47F0CA045CD
:103C30004CF0070328BFA046AB421DD8484DAB420D
:103C40007AD1484D45261D234FF01C0BDFF8189103
:103C5000C34599F800A0DFF814811FD3BAF1000F13
:103C600074D198F800304FF0070C4FF0000A89F833
:103C700000A088F800A02CE03D4DAB425CD1DFF8FD
:103C8000E8903C4D99F800A04FF0100BC3454FF061
:103C90004A06DFF8D8804FF01103DFD288F80030F1
:103CA000BAF1000F52D1DFF8B4A04CF0010CD445AA
:103CB00049D0AAF5802AD445DFF8BCC004BF42260B
:103CC00065464FF0000C89F800C088F800C04FF03E
:103CD000010CAEEB030E5FFA8EFEFF1AB645FFB283
:103CE000A0EB030028BFB646C0B2B742A4EB030462
:103CF00028BF3746E4B2B04228BF3046A64228BFAC
:103D0000264603EB0E0415F80EE00C71DC19EF5D8E
:103D10004C712C5C184488712404A85D44EA072483
:103D200044EA0E0444EA00643344CB71002082F874
:103D300004C01460BDE8F08F4FF0000B4FF0FF3669
:103D400001235D4682E70D4D4D26BAE74FF0000C8A
:103D50004FF0FF366346654687E700BF0100090064
:103D600007000500B4E200004207002041070020E0
:103D7000070009001BE20000FAE2000066E2000012
:103D80002DE9F74F1F469DF9343013F17F0F04469C
:103D90000D46164617D107F07BFEC0F30720FCF74F
:103DA00071FC804694F86F00FCF76CFC01464046BD
:103DB000FCF7B6FB7F49FCF7BDFC7F49FCF7B2FB83
:103DC000FCF77EFE43B25F2B10DDD4F8981069B18A
:103DD00021F47023C1F30341023921EAE17143EA7E
:103DE000014300227549204607F056FD74494FF003
:103DF0001A130022204607F04FFD4FF00008714BC8
:103E0000714A7249204607F034FE7149CDF80080AE
:103E1000FE234246204607F090FA6E4902222046D1
:103E200007F0E7FA032821D16B494246204607F004
:103E3000E0FA40F0030368498146DBB2424620467F
:103E400007F053FD654A66494FF40003204607F02A
:103E500010FE634943466FF40002204607F009FE56
:103E60005D494B464246204607F03FFD5D4B5E49AB
:103E7000DFF878A1DFF878B10022204607F00CFDCA
:103E800041F63C7300224FF41021204607F004FD58
:103E9000584914230122204607F027FD56494FF4C4
:103EA00060236FF47F02204607F0E3FD534B544A32
:103EB0005449204607F0DDFD4FF080634FF0FF329C
:103EC0004FF4E021204607F0D4FD4F492B021F227A
:103ED000204607F0CEFD4D494FF480534FF0FF329E
:103EE000204607F0C6FD374B00224FF4E021204664
:103EF00007F0D2FC304607F0BCF84FF00008B84598
:103F000002D16FF001003BE041490022204607F05A
:103F100070FA002281465146204607F06AFA00F006
:103F20000302032A2FD109F04603462B2BD12A493D
:103F300002234FF6FF72204607F08AFD28494FF40E
:103F400080036FF40002204607F093FD244900230C
:103F50006FF48002204607F08CFD00231A461B49AF
:103F6000204607F099FC00231A4620464FF4E02132
:103F700007F092FC0C9B002083F80080C4F8A0504E
:103F800003B0BDE8F08F42070ED501356D08013D45
:103F90001D492B025A46204607F06BFD304607F0BC
:103FA00068F808F10108AAE783075CBF6D000135D6
:103FB000EEE700BF6666863F0000B04140000700A4
:103FC0004800070000C00204FF3FFAFB040007009E
:103FD0001400010030000F0004001100FFFE7FFFFD
:103FE000080011003411071C1C0007003C000700EA
:103FF000FF00C0FF5000070018000700FC00080089
:1040000000FEF7FF08000900040009001000090085
:104010000C000900F0B5022285B00D465C4904464B
:1040200007F0E7F9032800F2B08094F87730AB424C
:1040300004D1032808D1002005B0F0BD032803D126
:1040400002212046FFF78EF952490022204607F050
:10405000D0F9092D00F0FE031AD04E490022204667
:1040600007F043FC4C4B4D490022204607F014FC5E
:1040700041F63C7300224FF41021204607F016FC55
:1040800094F87730AB4225D02046FEF7DDF821E0EA
:10409000404943F001030022204607F026FC404B34
:1040A0003E490022204607F0F7FB40F63C73002211
:1040B0004FF41021204607F0F9FB94F87730092BD4
:1040C00008D094F89A3000933649F0230222204613
:1040D00007F033F93449354F14230122204607F005
:1040E00004FC33490E230222204607F0FEFB2F4931
:1040F00081230022204607F0F8FB022601212046FA
:10410000FFF730F960B302212046FFF72BF9092DA4
:104110000CBF40F6397341F6397300224FF4102179
:10412000204607F0C3FB4FF400234FF0FF3239461F
:10413000204607F09EFC012E16D102212046FFF7F3
:1041400011F90022092D8DF80F200DF10F030DD16B
:104150000093D4F8A41014232046FEF7E9FF80B999
:10416000002084F8775067E70126C7E794F97010BC
:10417000CDE900312046D4F8A0101423FFF700FE4B
:10418000EDE76FF001000025EBE76FF0080053E763
:1041900030000F00140001003411071C1C00070040
:1041A0003400011C4000070050000700080009000F
:1041B000180007002DE9F3474B7991F80080182B80
:1041C00004460D4600F20D810E79182E94BF00268C
:1041D000012695F80890B5F8017009F1FF33D3F185
:1041E000000949EB0309B4F8783023F0E003A4F8A0
:1041F00078302B7A84F873306A7B934B02FB03335D
:10420000DB0BA4F87A302B7B84F87D30204607F056
:104210003FFCC0F30720FCF735FA824694F86F00A4
:10422000FCF730FA01465046FCF77AF98749FCF76B
:1042300081FA8749FCF776F9FCF742FC013740B276
:10424000FF0000284FEA0919BFB284F87000C0F2DD
:10425000CA8094F87130002B00F0C58001212046FF
:1042600007F0C3FC2A7BAB7B120302F4304242EA24
:10427000090242EA03426B7A5B0103F02003134315
:104280001021744A204607F0F4FB6B7B84F89230CF
:10429000A97B84F89110002E00F0A780B4F8783044
:1042A0006D4943F06003A4F878306FF4C0524FF4C6
:1042B0004063204607F0DDFB684940F206330022E8
:1042C000204607F0E9FA00231A464FF00E11204667
:1042D00007F0E2FA624B63490022204607F0DCFA5D
:1042E0009D23614A6149204607F0C3FBEB780093A8
:1042F0000022FC234FF4C021204607F01EF86B7B00
:1043000000224FF40031204607F0EFFA584B59498C
:104310000022204607F0C0FA57490022204607F045
:104320004EF86B792A7954491B02D200D2B203F4B9
:10433000F8531343AA79520002F0060220F4FF500A
:1043400020F01E00134303430022204607F0A4FA86
:10435000B5F80110204607F000FC002870D1EB7979
:104360006FF480629B022421204607F082FB6B8958
:104370001BB96FF07E02AA72EB726B8902224FF4B6
:10438000C021204607F092FA3C494EF20413204621
:10439000002207F08BFA072384F8A8304146204614
:1043A000FFF738FE00284BD141462046FFF734F98D
:1043B000402F8CBF4FF000534FF0A05320463049A0
:1043C0006FF07F4207F055FB20462E4B2E4900220E
:1043D00007F062FA0121204602B0BDE8F047FEF77F
:1043E000F1BC0126F5E6022139E794F87D206AB197
:1043F000013393FAA3F3B3FA83F3013B9BB2043383
:1044000001269E402046B6B2FFF75AFBB4F878303A
:1044100011493E44FF2ECBBF43F0200343F0A003DD
:10442000A4F87830A4F87830CCBF4FF480634FF410
:10443000A0534EF2FF72204607F00AFB942350E788
:1044400002B0BDE8F08700BF686602006666863F7E
:104450000000B041CF4FFCFF08000B000C000E0025
:104460000A5A0C0012000E0000FFFF3F16000E005B
:10447000CC355FAF0C0006001400010010000900ED
:104480001000060067070E0418000700F8B5812227
:104490000023C0E92833A0F87C30A0F87630A0F8DB
:1044A0007830C0F8983080F8A830A0F89030A0F8A4
:1044B0006E30A0F8702080F872300D46042104465A
:1044C000FEF738F8052107462046FEF733F80A21A3
:1044D00006462046FEF72EF8330E03F03003C6F3EF
:1044E0000352C0F30440134384F86C00C4F898707E
:1044F00000F0A48084F8713037B12EB194F86C309C
:1045000013B12046FEF788FD0121204607F06DFB20
:1045100020212046FEF70EF84E4BC61A704270411D
:10452000EF0684F86D000FD406212046FEF702F84E
:104530000D21A0662046FDF7FDFF0E210646204610
:10454000FDF7F8FFC4E91860680606D40821204684
:10455000FDF7F0FF000C84F86E00290605D4092150
:104560002046FDF7E7FF84F86F0094F86F3013B929
:10457000852384F86F3094F86E3013B9742384F86F
:104580006E301F212046FDF7D5FF1E2184F87400F0
:104590002046FDF7CFFF10F03F0308BF2E232E4922
:1045A00084F875300022204607F09FF93521204617
:1045B000FDF7C0FF0546002847D0034600222749E3
:1045C000204607F069F9EB0C05F01F0203F0200309
:1045D0001343C5F30D25C4F8A430C4F8A05094F9D2
:1045E00070307F3319D1204607F052FAC0F307200C
:1045F000FCF748F8054694F86F00FCF743F80146CD
:104600002846FBF78DFF1649FCF794F81549FBF790
:1046100089FFFCF755FA84F87000134B13492046C4
:10462000002207F039F900221021204606F0C7FECB
:10463000C0F3800084F890000020F8BD4FF486702D
:10464000FDF704FD84F8720056E70F220B23C4E93E
:104650002823C4E7400200101400090004000900E8
:104660006666863F0000B04167070E041800070029
:104670002DE9F04F054691B016461C46B72901F2C8
:10468000F084DFE811F024092E09B800BE00D20042
:10469000DA0020012C013801FA00E2004A0152013F
:1046A0005901600167016D01750178017F01FA010F
:1046B00007020B0216021A023F0247024B02540283
:1046C00057025902680272027C028502B802AF02E8
:1046D000A6028E029A02E3029901B401C201C90145
:1046E000DE0153085808C502FD02000308030C034D
:1046F00016031F0328032F034D0358036203BC0254
:104700006C0374038603A003C50303040B0437047E
:1047100044045B044B0463046A0481049F04B204F0
:10472000C404D404DC0426055D052E056006880655
:10473000D506DA060507190733073C0745076A0758
:104740007207780780078C079807A107A907B107A8
:10475000BB07C507CA07E807F207FC0706082308D6
:104760002D0841084A085E08CA08D308DD08E70892
:104770003509F0081A097D069908A008BB08440B02
:1047800096098C093D09470951095B0965096F09BB
:10479000790982096D0AA60AD90AFB0AF10B190CDC
:1047A0001801A3094F0A5A0A650A990CEE0CEE0C7F
:1047B0009E0CC40CEA0CEE0CEE0CEE0CEE0CEE0CA7
:1047C000EE0CEE0CEE0CEE0CEE0CEE0CEE0CEE0C19
:1047D000EE0CEE0CEE0CEE0C0F0BEE0CEE0CEE0CE9
:1047E0002B0B770B870B930BA00B590BEE0CBA0B13
:1047F000B00BCC0BC40B43689847002011B0BDE848
:10480000F08FB049022206F0F4FD0328F5D906F036
:1048100045FC00230446009328461A46194607F033
:1048200031F8204606F03CFCE7E7002CE5D0217883
:1048300011B0BDE8F04FFEF745BA002CDDD023687B
:1048400000222C2107F028F8D7E723689E49002290
:1048500007F022F863689D492846002207F01CF8FB
:10486000A3689B492846002207F016F8E368994997
:104870000022284607F010F8BFE7002CBDD0626880
:104880002388032AB9D8DFE802F002070C11924905
:10489000002207F00BF8B0E78F49022207F006F874
:1048A000ABE78E49002207F001F8A6E78B49022208
:1048B00006F0FCFFA1E7002C9FD023688849002266
:1048C00006F0EAFF99E7002C97D0237885495B0032
:1048D00003F006036FF0060207F0CBF88DE7002C1B
:1048E0008BD023787F49DB0003F0F8036FF0F802E8
:1048F00007F0BFF881E7002C3FF47FAF23787949B8
:104900001B0203F4F8536FF4F85207F0B2F895F86D
:1049100077102846FEF780FE6FE773494FF4803327
:104920004FF0FF3207F0A5F867E7002C3FF465AFC2
:1049300090F87430237060E7002C3FF45EAF90F87D
:104940006E30237059E7002C3FF457AF90F86F306A
:10495000237052E7002C3FF450AF836E23604CE786
:10496000002C3FF44AAFD0E91823C4E9002344E700
:1049700006F0C7FF41E7002C3FF43FAF2168FDF789
:1049800085FC3AE7002C3FF438AF2678646866B1BE
:10499000402300930022FF23102106F0CEFC022EBC
:1049A00000D12C6285F87C6027E70096BF23324651
:1049B000102106F0C2FCF5E7002C3FF41EAF66683C
:1049C00023784A49032206F090FF46B14FF4812331
:1049D0004FF0FF321021284607F04BF80DE7334621
:1049E0004FF2FF721021284607F032F805E7002247
:1049F000114606F0E4FCAB681A685B685040184248
:104A000014BF4FF0FF300020F8E6002C3FF4F5AE65
:104A10002178FDF755FEF0E60121FDF7ADFD46B129
:104A200033494FF400634FF6FF72284607F010F841
:104A3000E3E62F4933464FF2FF72284607F008F8A5
:104A4000DBE60121FDF798FD06F00103002B4FF294
:104A5000FF734FF6FF7212BF4FF400631A46002334
:104A6000B10758BF22F4805221494CBF43F4805310
:104A700092B2284606F0ECFFBFE62AB11D4B1E4954
:104A8000022206F009FFB8E61C4B1B49022206F081
:104A900003FFB2E61146FDF70FFCAEE6002C3FF433
:104AA000ACAE1749002206F0A4FC00F03F002070D5
:104AB000A3E62146FDF720FC9FE62146FDF740FCDA
:104AC0009BE600BF30000F005400010058000100B9
:104AD0005C00010060000100180001001C000100E2
:104AE0000C00010014000100040011000800010086
:104AF000080011007488D204100011001408D200BC
:104B00001C00070001230093B749FF23002206F091
:104B100014FC72E61146FDF737FC6EE6FEF794FAD8
:104B20000C21284611B0BDE8F04FFEF7C5BEFEF7D8
:104B30008BFA62E6D1B2F4E7002C3FF45EAE237844
:104B400080F87D301B0303F4304344F6FF721021DC
:104B500006F07EFF51E6002C3FF44FAE2388002282
:104B60004FF4602106F0A2FE47E6002C3FF445AE6C
:104B700000224FF4602106F031FC20803DE6002C3D
:104B80003FF43BAE23889949002206F08FFE34E6BD
:104B9000002C3FF432AE9549002206F01FFC208025
:104BA0002BE6002C3FF429AE23680093A388E2880B
:104BB0004FF4B01106F066FE1FE6002C3FF41DAE68
:104BC00023680093A388E2884FF4B01106F0EEFB4F
:104BD00013E6002C3FF411AEE388A2882168FDF7AC
:104BE00055FC0AE6002C3FF408AEE3882268A18851
:104BF000FDF732FE01E6114606F0D7FEFDE5002C7A
:104C00003FF4FBAD237962882188FEF78BFDF4E544
:104C1000002C3FF4F2AD90F87630012B10D0032B2E
:104C200011D10C224FF4F011284606F0D7FBC0F347
:104C30000C03C70448BFA3F500531BB22380DCE577
:104C40006B490022F0E76B490022EDE7002C3FF4AE
:104C5000D4AD0CAB009300220323674906F0A6FBFA
:104C60009DF831209DF83230120202EB03429DF88C
:104C70003030D602134448BFA3F500132360BCE5CF
:104C8000FDF74CFDB9E5002C3FF4B7AD6188FEF7A8
:104C9000B9FD2070B1E5214606F0B7FBADE5002C6B
:104CA0003FF4ABAD2279216811B0BDE8F04F06F0BA
:104CB0003DBD002C3FF4A1AD0122742106F07FFB25
:104CC00020609AE5002C3FF498AD0022742106F094
:104CD00076FB206091E5009405230022742106F004
:104CE00065FB8AE5002C3FF488AD90F87630012B07
:104CF00010D0032B11D116224FF4F011284606F0E4
:104D00006DFBC0F30D00850448BFA0F5804000B2E4
:104D1000208072E539490222F0E739490222EDE7A5
:104D2000062338490094002206F040FB637903F023
:104D30000103637161E5002C3FF45FAD01224FF088
:104D4000081106F056FB207057E5002C3FF455ADD6
:104D500000224FF0081106F04CFB20704DE5002CAE
:104D60003FF44BADA2882168FEF792FB45E5002C8D
:104D70003FF443AD2668A48831462246FEF788FBFF
:104D800021462846FDF7D6FB301A18BF4FF0FF30FA
:104D900034E50121FDF7F0FB022E07D1002300933B
:104DA0001949FE230122284606F0C7FA00231A46B5
:104DB0002846164906F099FD144902230022284688
:104DC00006F093FD19E5002C3FF417AD26882278F4
:104DD0004FF48171FDF7E6FC320A40F203112846D8
:104DE000FDF7E0FC09E500BF04000200040001003B
:104DF0000C00180020000C00290006001400180008
:104E00001C000C0018000C000800110004000A002F
:104E1000002C3FF4F2AC10230022BB490093FF2387
:104E200006F08BFA4FF482712846FDF799FC00F0EA
:104E3000E0073A464FF482712846FDF7B3FC47F08D
:104E400004024FF482712846FDF7ACFC022006F004
:104E500012F94FF487712846FDF782FC40F20F11DA
:104E600006462846FDF77CFC3A4680464FF48271A0
:104E70002846FDF797FC0022A3490092EF2328461D
:104E800046EA082606F059FA2680B6E4002C3FF4DC
:104E9000B4ACA2782188FDF7B1FCAEE4FDF73EFC8E
:104EA000012006F0E8F80323984900930022FF232D
:104EB000284606F042FA00231A464FF48811284685
:104EC00006F013FD012006F0D6F800238122C5E983
:104ED0002833A5F87C30A5F87630A5F87830A5F809
:104EE000702085F87230C5F8983085F8A830A5F89C
:104EF000903082E4002C3FF480AC2378844903F0A6
:104F00003F0380F87530002206F0EFFC75E4002CBA
:104F10003FF473AC90F8753023706EE400220121E9
:104F2000FEF720FC2846FEF763FC2846FDF742FF0B
:104F30000F2201212846FEF799FD5EE4002C3FF484
:104F40005CACD4E90012FEF791FD56E4002C3FF46E
:104F500054AC06F09DFD20804FE4002C3FF44DAC96
:104F60002079FBF78FFB064695F86F00FBF78AFB6D
:104F700001463046FBF7D4FA6649FBF7DBFB66498E
:104F8000FBF7D0FA206038E4002C3FF436AC2079EF
:104F9000FBF778FB064695F86E00FBF773FB0146BE
:104FA0003046FBF7BDFA5D49FBF7C4FB4FF0834188
:104FB000FBF7C0FB5A49FBF771FC5A49FBF7B2FA01
:104FC00020601AE4002C3FF418AC2468012122462A
:104FD000FEF7C8FB2846FEF70BFC2846FDF7EAFE65
:104FE00021462846FDF78CFA07E400220092EF23C1
:104FF0004D4906F0A2F92846FDF75CFE284601213E
:10500000FEF764FB2846FDF773FAFFF7F6BB0022B4
:105010001146FEF72BFD2846FDF74CFE28460121E0
:10502000FEF754FB2846FDF763FAFFF7E6BB0022C4
:105030003D490092EF2306F080F9FFF7DEBB002C1C
:105040003FF4DBAB394966682788002206F0B7F9E0
:105050000022012104462846FEF784FB2846FEF77D
:10506000C7FB2846FDF7A6FE2EB130493346002285
:10507000284606F011FC28462D4B2E49002206F04A
:105080000BFC2D494FF0DD330022284606F004FCCE
:10509000384605F0EEFF00231A462846254906F05B
:1050A000FBFB00231A462449284606F0F5FB284658
:1050B000FDF700FE2846FDF71BFA28460121FEF702
:1050C00005FB1A4923460022284606F0E5FBFFF7B8
:1050D00094BB002C3FF491AB2168FDF711FAFFF768
:1050E0008CBB1649002206F079F9C0F30B030105C9
:1050F0004ABFA3F5805018B200B22080B5F97A30CB
:10510000C01AFFF77BBB00BF480007000400110076
:10511000140009006666863F0000B041CDCCCC3E4D
:1051200000007F430000404024000F000C000100FD
:105130000F00000F280007003800070008000200D9
:10514000002C3FF45AAB6668227AF37CFF2B00F008
:10515000F4803368002A40F0958000930C23BC490A
:10516000284606F08FFB337BF189B27C1944002A74
:1051700040F0B980307CF27C002840F0C580C2F15C
:105180007D02914200F2BA804FF4B017726800922B
:1051900039460022284606F075FBB168F389327B58
:1051A00000912846394606F06DFB327C531E012BD8
:1051B00005D895F87630032B14BF01220222737CA8
:1051C000591E012900F2A88095F87630032B14BFF0
:1051D0000123022342EA43339E499F4F002228467F
:1051E00006F05AFBF3899D4A9D4902EAC312337BBC
:1051F00003F07F0313432846002206F04DFB994934
:1052000001230022284606F070FB0022394628467A
:1052100006F0EFF810F0050F8046F6D003468E49F1
:105220000022284608F03F0708F00F0806F05DFB53
:10523000B8F1010F22D1B37C012B1FD1737C5A1E10
:10524000012A73D895F87630032B14BF4FF49018C9
:105250004FF4981872683AB1337B2BB100924146F3
:105260000022284606F0A2F8B16839B1F3892BB1C3
:10527000327B00912846414606F098F87BB22370B5
:10528000FFF7BBBA9A7AF1898DF830205A7A8DF8F7
:1052900031201A7A8DF83220DA798DF833209A7914
:1052A0008DF834205A798DF835201A798DF836200A
:1052B000DA788DF837209A788DF838205A788DF87A
:1052C00039201A788DF83A2000228DF83B20ADF86D
:1052D0003C10197B8DF83E10DB7A8DF83F300CAB1B
:1052E000009310233BE7012A2AD1727CF37C42B160
:1052F000C3F57F73013399427FF657AF4FF0FF3309
:10530000BDE7C3F17D03F6E7C2F57F720232914239
:10531000F4D84FF4A01739E7042B7FF45BAFF18981
:1053200010297FF657AF6FF00303A8E7032B14BFD4
:105330004FF4B0184FF4A0188CE76FF002039EE70B
:105340006FF001039BE7A379E179227ADB0043EA5E
:10535000410313436279444943EA8213227943EAC1
:10536000C213E27843EA0223A27843EAC2236278B6
:1053700043EA02339BB2002206F098FAFFF73DBAE7
:10538000002C3FF43AAA637813B15B08013BDBB20F
:105390002370FFF732BA3549002206F010F8C0F347
:1053A0000B03C0F30B403249238060800022284663
:1053B00006F005F8C0F30B03C0F30B40A3802D49A2
:1053C000E0800022284605F0FAFF2072000C2A49EE
:1053D00060720022284605F0F2FFC0F30B43C0F3D1
:1053E0000B002649A38160810022284605F0E7FFD3
:1053F000C0F30B43A4F80F302149A07300222846C4
:1054000005F0DDFF6074000C1E49A07400222846E0
:1054100005F0D5FF0022C0F30B00A4F813001A49D1
:105420006275A275284605F0E4FFE075FFF7E5B95F
:10543000114606F091FAFFF7E0B9002C3FF4DDA920
:1054400023881249002206F031FAFFF7D6B900BFCF
:1054500034000100440001005000010080FF010001
:10546000480001004C0001003000010004000F0062
:1054700008000F000C000F0010000F0014000F00B8
:1054800018000F001C000F0028000F000400060089
:10549000002C3FF4B2A92368A2883BB122F0F003AC
:1054A000CB49002206F002FAFFF7A7B9C8491A460D
:1054B00006F0FCF9FFF7A1B9002C3FF49EA9236880
:1054C0006BB10022342106F0E7F94FF400734FF678
:1054D000FF721021284606F0BBFAFFF78EB94FF68F
:1054E000FF52102106F0B4FAFFF787B9002C3FF401
:1054F00084A96188FDF734F92070FFF77EB9002C8C
:105500003FF47BA9A2782188FDF74CF9FFF775B924
:10551000012AB04B90F87620AF4908BF1946AF4B2F
:1055200018BF4FF00C13012A0DD0032A12D100220C
:105530004FF4F01105F052FF2080003818BF012011
:105540004042FFF75BB90222284605F047FFC0F34F
:10555000CF10F1E702221946F6E7002C3FF44DA9DF
:105560002178FEF771F8FFF748B9114611B0BDE890
:10557000F04FFDF7F7BE0094042300221C2105F034
:1055800015FFFFF73AB9002C3FF437A90222442156
:1055900005F024FFC0F300202070FFF72EB9002C87
:1055A0003FF42BA90022442105F023FF00F0010065
:1055B0002070FFF722B9002C3FF41FA962882188D0
:1055C00006F0B1F9FFF719B900940823002204216D
:1055D00006F058F9FFF711B90094082300220421BE
:1055E00005F0E4FEFFF709B9002C3FF406A9238873
:1055F00002220C2106F05AF9FFF7FFB8002C3FF405
:10560000FCA8238800220C2106F050F9FFF7F5B81A
:105610002146FDF71DFBFFF7F0B890F876300094B7
:10562000012B0AD0032B4FF005030DD120224FF49C
:10563000F01105F0BBFEFFF7E0B869490523002231
:1056400005F0B4FEFFF7D9B800224FF4402105F071
:10565000ADFEFFF7D2B8002204F8012B042300941A
:10566000702105F0A3FEFFF7C8B8002C3FF4C5A8D1
:105670000122642105F0A3FE2060FFF7BEB8002CD4
:105680003FF4BBA80022642105F099FE2060FFF7DB
:10569000B4B890F876300094012B0AD0032B4FF069
:1056A00005030DD128224FF4F01105F07FFEFFF71E
:1056B000A4B84C490523002205F078FEFFF79DB8F9
:1056C0004949002205F072FEFFF797B8002C3FF41D
:1056D00094A800221C2105F072FE2060FFF78DB80F
:1056E000002C3FF48AA867682688247A07EB840494
:1056F000A7423FF482A831462846FCF71BFF01363B
:1057000047F8040BB6B2F3E7002C3FF476A82188E3
:1057100011B0BDE8F04F06F020BA002C3FF46DA8A0
:10572000217811B0BDE8F04F05F019BE11B0BDE809
:10573000F04FFDF7BFB8114611B0BDE8F04FFDF7CF
:1057400041BB002C3FF459A8A678FDF733FB00229B
:1057500011462846FEF706F82846FEF749F806F0F7
:105760003F032249224E0022284606F0BEF80123BC
:1057700000931F49FF230022284605F0DEFD00228A
:105780003146284605F035FE10F00107F7D13A46BC
:105790001849284605F022FE06462846FCF7A8FED2
:1057A00039462846FDF792FFC6F30B062846FDF75B
:1057B00081FA2680FFF721B80F49002211B0BDE819
:1057C000F04F05F0FCBD11B0BDE8F04F06F06EB92A
:1057D0001A001100340018002C00180014000C00EE
:1057E000200018002800180008000C001C0007000A
:1057F00010000800140008000C000900D6B2022EA8
:10580000D4BF3603033EBC4ABC49D4BF46F48073C0
:10581000730006F02EF9FEF7F0BF002C3EF4EDAF5A
:10582000D4E9001206F0C7F9FEF7E7BF002C3EF4FA
:10583000E4AF2388B249002206F038F8FEF7DDBF56
:10584000002C3EF4DAAFAE49002205F0C7FD2080FF
:10585000FEF7D3BF002C3EF4D0AF62682188FDF77D
:10586000CBFBFEF7CABF002C3EF4C7AF66782478A6
:10587000CCB9012380F87630A2491823224606F0DD
:105880000BF8E8232246A049284606F005F86FF0F9
:105890000802234676B943F480631021284606F0B7
:1058A000E8F8FEF7AABF002380F876304FF0FF3209
:1058B0000823EFE722F48062EFE7002C3EF49DAF6F
:1058C00023680022302105F0E7FFFEF796BF002C89
:1058D0003EF493AF0022314605F071FD2060FEF7E3
:1058E0008CBF23460022314605F0D6FFFEF785BF68
:1058F000002C3EF482AFFCF7BFFC2070FEF77DBFAA
:10590000002C3EF47AAF23680022442105F0C4FF46
:10591000FEF773BF002C3EF470AF238800224821AD
:1059200005F0C4FFFEF769BF002C3EF466AF00220D
:10593000442105F044FD2060FEF75FBF002C3EF4DB
:105940005CAF0022482105F049FD2060FEF755BFFD
:10595000002C3EF452AF23786C49002205F0C5FFBD
:10596000FEF74BBF002C3EF448AF0022442105F067
:1059700040FD2070FEF741BF002C3EF43EAFA11C5D
:10598000FCF768FE2080FEF738BF002C3EF435AFF0
:105990005F49002205F022FD2080FEF72EBF002C7B
:1059A0003EF42BAF5B49002205F009FD2060FEF7B5
:1059B00024BF002C3EF421AF23885649C3F30D03C6
:1059C0004FF4404206F044F8FEF717BF002C3EF4B7
:1059D00014AF237B05932369079363690893059BA1
:1059E000A668A088052B06F00301C6F385021BD12B
:1059F000B0F5B17FDFF8208128BF4FF4B170431DAF
:105A00009BB205280693034638BF0523053B9BB28E
:105A10000428099326D8531CDBB218F80330053B41
:105A200098421FD200232FE040F231139842DFF852
:105A3000EC8028BF1846E2E71CF80170A0EB030ECB
:105A4000774501F1010104DA1F44BBB2CDB2012D4B
:105A5000F2D9002181278C46049189468B464FF06C
:105A6000050A15E3DFF8B8C00023EFE7BCF1000F2B
:105A70001AD018F802209B1A9BB24A4645EA8206C1
:105A8000F6B24FF001325643002208990B80079B73
:105A90001E602260FEF7B1BEBCF1000FE9D1DDF857
:105AA00018E09E4500F218830029E7D03F2A0ED166
:105AB000032D1AD0022D02D10599092915D01849B4
:105AC000495D1944013581428BB2EDB20DDD4FF0D5
:105AD000000C18F80210591A8BB2511E01F03F0247
:105AE00011F03F0118BF0121D2E23F22C6E73B4639
:105AF0004FF0FF32C9E700BFFD8EFFFF1400070023
:105B0000080005000C001F0010001F002400010009
:105B10002C0005001A000E007DE300003DE30000AC
:105B2000BDE30000002C3EF468AED4E902126068C8
:105B3000FEF76AF82060FEF760BE002C3EF45DAE12
:105B4000E268217A6068FDF7F3FF2060FEF755BE3A
:105B5000002C3EF452AE2178FCF70AFFFEF74DBE52
:105B6000002C3EF44AAE63682678012B15BFDF2770
:105B7000EF276FF460326FF4E0424FF000034FF410
:105B8000A0214FF0000414BF4FF020084FF0100880
:105B900005F06FFFBE4900943B462246284605F0BB
:105BA000CCFB012E08D1BB4900943B462246284637
:105BB00005F0C3FBFEF721BE002E7EF41EAEB549F4
:105BC000CDF80080FF233246284605F0B6FBFEF7ED
:105BD00014BE002C3EF411AE217811F001061FBF57
:105BE0004E0106F0400640244FF4E01204BF344654
:105BF000324611F0040309D0090101F0800142F49A
:105C0000600244F080040E434FF40013E44328463E
:105C1000A4B2D2434FF4A02105F02BFF2246284620
:105C20009B49002305F014FF9A4933462246284633
:105C300005F00EFFFEF7E1BD082300930122FF23CC
:105C40004FF4802105F079FB0223009328460024BD
:105C50009149FF23032205F070FB28460094F723A7
:105C600001224FF4802105F068FB8B490094FD234D
:105C70000322284605F061FBFEF7BFBD002C3EF471
:105C8000BCAD63882278DB0003F4FF630AB143F400
:105C900000634FF207024FF48021284605F0D8FE3A
:105CA000FEF7ABBD002C3EF4A8AD052E2168A288FE
:105CB000A3790CA80DD194F90740CDE9000428463A
:105CC000FEF75EF800287EF499AD9DF83000FEF7EF
:105CD00095BD00902846FDF72BFAF3E7002C3EF423
:105CE0008CAD2478002223464FF4003105F0FDFDF1
:105CF0006A4A95F8911085F8924004FB0222D20B73
:105D0000A5F87A202846FDF7DBFEFEF776BDD6B271
:105D1000012E02D9032E40F0A48185F89160284617
:105D20000096FC230222102105F007FB314628468D
:105D3000FDF7C6FEFEF761BD002C3EF45EAD00220D
:105D4000102105F03CFB237820F00606DA0748BF57
:105D500046F002069B0748BF46F004063346002281
:105D600010212846C6F3800605F096FD85F8906060
:105D7000FEF743BD002C3EF440AD637822785B0112
:105D800003F02003134310216FF0300205F071FE81
:105D9000FEF733BD002C3EF430AD23786FF4806203
:105DA0009B02242105F065FEFEF727BD002C3EF482
:105DB00024AD237800930022FC234FF4C02105F08A
:105DC000BCFAFEF71ABD002C3EF417AD23880BB9C0
:105DD00081232380238802224FF4C021284605F026
:105DE00065FDFEF70ABD002C3EF407AD2C490022EC
:105DF00005F0E5FA2060FEF700BD002C3EF4FDAC96
:105E00002849002205F0DBFA2060FEF7F6BC002CE2
:105E10003EF4F3AC4FF4A8132360FEF7EEBC002C65
:105E20003EF4EBAC002619230CAFCDE90B631E4901
:105E300000970423324605F025FD41F648731B49BF
:105E40000C93324604232846009705F01BFD0BAB4C
:105E50000093324604234FF4E811284605F0A6FAD1
:105E60000B9B2360FEF7C9BC002C3EF4C6AC104966
:105E7000002205F0A4FA80B220600E4900222846D4
:105E800005F09DFA400D800180B26060FEF7B5BC60
:105E9000080005000C0005000800110068660200FB
:105EA0006000030048000F0004001F0008001F00EE
:105EB00048000C0028000C00002C3EF49EAC667DCF
:105EC00066BB8749324605F07AFAC0F30B00854974
:105ED00020603246284605F072FAC0F31500824968
:105EE00060603246284605F06AFAC0F315007F4923
:105EF000A0603246284605F062FAC0F31500E06063
:105F00007B493246284605F05AFAC0F3100020615A
:105F10002846FCF7B1F92075FEF76FBC012E27D19A
:105F20007449002205F04BFAC0F30B00724920605F
:105F30000022284605F043FAC0F315006F4960605F
:105F40000022284605F03BFAC0F31500A0600022AD
:105F50004FF45021284605F032FA6949C0F3150084
:105F6000E0600022284605F02AFAC0F31300CEE7CD
:105F7000022E76D16349002205F021FAC0F30B000E
:105F8000614920600022284605F019FAC0F3150087
:105F90005E4960600022284605F011FAC0F3150042
:105FA0005B49A0600022284605F009FAC0F31500FD
:105FB0005849E0600022D5E71146FCF7DDFAFEF70C
:105FC0001CBC002C3EF419AC27682679D4F8088054
:105FD000002F46D0B8F1000F43D0FCF74DF94E49E1
:105FE00004460022284605F0EAF9003E034618BFA1
:105FF000012603F01F033A8B38680093019623466D
:10600000152105F04EF8A8F80000FEF7F6BB002CAD
:106010003EF4F3AB26682779D4F808800EB3B8F1C4
:10602000000F1ED0FCF728F93B4904460022284601
:1060300005F0C5F9003F054618BF0127C5F3042543
:10604000338BF268B16870680297CDE9004505F0BE
:106050002AF8A8F80000FEF7D0BB85F83C20FEF730
:10606000CCBB4FF0FF30FEF7C9BB3F2A3FF406AD73
:1060700091460495F2469B464FF0010C00297FF4AF
:1060800028AD0132D2B218F802E09E441FFA8EF316
:1060900098423FF4F3AC013F17F0FF073FF427AD00
:1060A000DDF824E09E45BFF4F7ACDDF818E09E452E
:1060B0007FF6DCACA0EB030EBEF1000FB8BFCEF153
:1060C000000E1FFA8EFED645CFD9BCF1000F03D0CB
:1060D000049D4A465B46D1E43F2ACFD1E8E400BFA5
:1060E00058000C0030000C0034000C0038000C008C
:1060F0002C000C0020000D0064000C0068000C0057
:1061000060000C0068000D0040000D0044000D0010
:1061100048000D003C000D00140001007FB5036C29
:1061200004461968FEF7B2F923681B6998470022F4
:10613000114603AB2046FEF79BFA236C9B6A204670
:106140001968FEF737F8236C9B6A064659682046A3
:10615000FDF796FB236C9B6A0022DB894FF46021DC
:10616000204605F0A3FB236C51499B6A00229B89C2
:10617000204605F09BFB00212046FCF787F8002312
:106180004FF6FF521021204605F062FC236C9B6AFB
:1061900020465A89198905F0C6FB236C9B6A0222A6
:1061A0001B8A0C21204605F081FB236C9B6A002290
:1061B0005B8A0C21204605F079FB236C2046197A76
:1061C000FDF742FA236C2046D968FCF775F8216C7C
:1061D00020460B7ED1E9041205F073FC236C2046A7
:1061E0009A7F998BFCF70AFB94F875302E2B236C61
:1061F00003D093F82C203F2A0AD993F82C302D494C
:1062000003F03F0384F875300022204605F06DFB53
:10621000236C204693F82D10FCF752FA236C20468D
:10622000196AFCF769F8236C2046596AFCF788F86C
:10623000236C93F82E303BB1012300931E49FF23BA
:106240000022204605F079F8236C204693F82F10A1
:1062500005F082FB94F95830002B25DB01259D4089
:106260004FF09072A9B2204605F0A5FC0DF10A038B
:106270000093002202234FF4A021204605F096F857
:10628000BDF80A300D4923EA050300222046ADF887
:106290000A3005F00BFB94F95920B2FA82F2520948
:1062A000A9B22046FCF7A8FE304604B070BD00BF7E
:1062B00004000100140009000400020008000500A9
:1062C000014B1B68184700BF04000020014B1860F9
:1062D000704700BF0400002030B585B004460D466D
:1062E00010220021684606F0C4FF02238DF8023018
:1062F0002A46044B01932146684603F0B1FC05B0E1
:1063000030BD00BFC162000080B505460E4617468D
:10631000984603F08BF9034607F096F9DFF81890DA
:10632000044649F80030424630463946A84754F8FA
:10633000090000F02BFC00BF080000002DE9F04729
:10634000058B04462807904611D4022905F007055D
:1063500040F0CC80204605F05FFD78B10138218BFC
:10636000042811D8DFE800F0C2106D8595000129DE
:106370000CBF45F0100545F02005258388F31188F2
:10638000BFF36F8FBDE8F08701F0070AAA4500F060
:10639000A5800027B9463E46A368002B00F0BC80CC
:1063A00041F00801218388F31188BFF36F8FA16842
:1063B000002900F0BA800D68002900F0B680D1F8FD
:1063C0000480334652462046C047002D76D02B68C5
:1063D00029461D46F0E701F007035A1F012A1BD882
:1063E000002221F00701062B276889B2C4E90022A8
:1063F00009D13B4603E0628B013262831B68002BAC
:10640000F9D141F002012183204605F005FD002865
:106410007AD041F0200176E0042B0AD121F0070167
:1064200089B22183204605F0F7FC10B141F020012C
:106430002183218B01F0070AAA454FD00027B946D6
:10644000AAE7236921F0070141F00601062DD3F8E0
:10645000009021832DD1B9F1000F3FD041F0080108
:10646000218388F31188BFF36F8F3A492046C847CC
:1064700029E021F00701236941F0040189B2042DCC
:10648000D3F804902183E6D000273E464FF0040A5B
:1064900082E721F00701236941F0050189B2052D4A
:1064A000D3F808902183D6D000273E464FF0050A46
:1064B00072E700273E464FF0060A6DE72B4687E756
:1064C000B9F1000FD1D1EFF31188202383F31288A3
:1064D000BFF36F8F238B23F008032383258BEA06FA
:1064E0002ED525F01003238305F007056669218B5F
:1064F000002EBFF670AF00232768C4E9003321F0F7
:10650000070141F001012183218B01F0070AAA450F
:106510004FF000097FF440AF002F9CD041F00801FC
:10652000218388F31188BFF36F8F002FC8D03D6897
:10653000394633465246204605F09AFC2F46F4E78A
:10654000AB067FF51BAF25F02003238305F007057D
:1065500000E700BF9DBE0000014B036000207047B4
:10656000F8DC000008B5044805F049FC034805F0D4
:1065700046FC002008BD00BFC0E30000F5E30000BA
:1065800008B50348034A0021121A05F01DFD08BD95
:1065900020020020680700200748084A084908B57B
:1065A000121A05F013FD0748074A0849BDE80840DC
:1065B000121A05F00BBD00BF000000201C020020D5
:1065C000D0E800000000002000000020D0E800001B
:1065D00038B505460C4699B1D1E901230F48096841
:1065E00005F00DFCD4E90423E1680D4805F007FC33
:1065F000E1690C4805F003FCA1690B4805F0FFFBBD
:10660000012D05D1EFF305810848103905F0F7FB9E
:1066100021462846BDE8384002F098BB23E400003C
:1066200053E4000083E4000093E40000C2E40000AF
:1066300030BFFFF7FDBF00BF2DE9F0410B4EDFF883
:10664000308006EB0807CC1B054632460949204638
:1066500006F001FEA01942460021083C06F009FEA2
:10666000C5F8A44007F10800BDE8F0810000000073
:106670000400000074D90000054B5A699B689A42D7
:106680001FBF044A536843F080535360704700BFF4
:10669000A406002000ED00E02DE9F843324D8046CD
:1066A00032488946174605F0AAFBAB6ADE0622D5BA
:1066B0002F4805F0A4FB1124AB6A1D0703D52D4814
:1066C00005F09DFB1224284DAB6A980715D52A4882
:1066D00005F095FB6E6BAB6A190642D5274831462B
:1066E00005F08DFBB9F1000F03D0AB6A23F08003F6
:1066F000AB62132403E01024DEE76FF015061A4D99
:10670000AB6ADA0703D51E4805F079FB1424AB6A9F
:106710009B0603D51B4805F072FB1524124B9A6AA1
:10672000D50602D49A6A90070AD55B68190507D581
:106730004146304600F00AFB10B180F3098802247C
:10674000094B9A6A920642BF5A6A22F400525A6270
:106750009A6A42F0FF029A6200233B702046BDE82D
:10676000F8836FF01506C4E700ED00E0D6E4000002
:10677000EDE4000021E5000035E500004EE50000F5
:1067800065E5000085E5000010B51D4C1D4805F0CD
:1067900036FBA36A990130D51B4805F030FB1E205B
:1067A000A36ADA0103D5194805F029FB1F20144C10
:1067B000A36A1B0303D5164805F021FB2120A36A19
:1067C000590303D5134805F01AFB22200C4CA36A89
:1067D0009A0303D5104805F012FB2320A36ADB03BC
:1067E00003D50E4805F00BFB2420054A936A6FEA97
:1067F00003436FEA1343936210BD1D20D0E700BF2F
:1068000000ED00E0B5E50000CEE50000E2E50000A7
:10681000FDE500001CE6000042E600005DE6000029
:1068200070B5244C064624480D4605F0E8FAA36AE4
:10683000D90435D5214805F0E2FA1720A36A1A05D4
:1068400003D51F4805F0DBFA18201A4CA36A9B05F4
:106850000FD51C4805F0D3FAA16BA36A180407D51D
:10686000194805F0CCFA1EB1A36A23F40043A362D1
:106870001920104CA36A590503D5144805F0BFFA36
:106880001A20A36ADA050DD5114805F0B8FA1B20C5
:10689000084A936A43F47F43936200232B7070BDD0
:1068A0001620CBE7A36A9B04F2D50A4805F0A7FAA5
:1068B0001C20EDE700ED00E089E60000A0E6000006
:1068C00021E50000B2E60000CCE60000E2E60000B0
:1068D000FEE6000085E500002DE9F0415B4B5F68B6
:1068E0008AB00446C7F30806002585F31188BFF374
:1068F0006F8F02F07F43B3F17F4F06D102F00C039C
:10690000082B13D1524805F07AFA00252C464FF097
:106910000008F31E8DF80780092B00F28680DFE85F
:1069200003F00A7A7E7684848484848210074CBFC4
:106930000C460125EBE74748444E05F060FA8DF818
:106940000780F36A9A0704D5434805F058FA0023F4
:1069500030E0F36A002B01DA4048F6E7F36A5B00A7
:10696000F5D53F4805F04BFA7369A26943F480738B
:106970007361BFF34F8FBFF36F8F736932F8022CCF
:1069800023F480737361BFF34F8FBFF36F8F4DF6A6
:1069900002739A4209D0B36ADBB253B30DF1070216
:1069A00001212046FFF778FE33E021682D4805F0ED
:1069B00026FA23689DF80720C2B902AE04F1200729
:1069C00020686168324603C20834BC421646F7D1DB
:1069D000099AB5B3C2F3080121B96FEA52226FEAEE
:1069E0004222099202A91846FFF7F2FD0AB0BDE85B
:1069F000F081B36A13F47F4F05D00DF10701012038
:106A0000FFF70EFF05E0B36AB3F5803F9FD3FFF7B2
:106A1000BBFE0346CEE70DF107020021C1E70DF1F1
:106A200007010020ECE710488FE7104B1049114890
:106A300017F4F87FA6F1100218BF194605F0DFF928
:106A400085E722F4FF7222F00102CAE700ED00E0C0
:106A500045E7000071E7000089E70000ABE70000B0
:106A6000BAE70000DAE70000F7E700002CE70000D3
:106A700017E700001CE80000044B5A6942F01002BE
:106A80005A615A6922F008025A61704700ED00E02D
:106A9000EFF30880EFF3098101B57246FFF71CFFA1
:106AA00001BD00BF002080F31488BFF36F8F114831
:106AB00080F3088800201049087001F071FC002064
:106AC0000E490860BFF34F8F00F02EF8202080F3AE
:106AD00011880B484FF40461401880F30988EFF3E4
:106AE00014800221084380F31488BFF36F8F00F0F5
:106AF000FDF80000403100206407002094ED00E024
:106B0000800700200749D1F890200023C2F3072214
:106B10001846934200DB7047C1F89830C1F8A000D6
:106B20000133F6E700ED00E008B572B6002383F309
:106B30001388FFF7E7FF144B4FF0FF32C3F88020B4
:106B4000C3F88420C3F88820C3F88C20C3F89020B1
:106B5000C3F89420C3F89820C3F89C20C3F8802180
:106B6000C3F88421C3F88821C3F88C21C3F890218D
:106B7000C3F89421C3F89821C3F89C2162B6BFF3EF
:106B80004F8FBFF36F8F08BD00E100E0084B9B689B
:106B900083420BD1EFF3058343B1064B5A6842F0B1
:106BA00080525A605A6A22F400425A6202F044BD8E
:106BB000A406002000ED00E015498A684FF030007F
:106BC0001044EFF3098C80E8F01F202080F3128836
:106BD000BFF36F8F0F4F4FF000664A698A603E60C7
:106BE000D2F8A4000C4C2060D2F8A8000023C2F810
:106BF000A83080F3118804B5104600F00FF9BDE805
:106C0000044002F1300090E8F01F8CF309887047CF
:106C1000A406002004ED00E0DC0500201EF0040FB7
:106C20000CBFEFF30880EFF30980816911F8021CB3
:106C30000229FFD001B5724605F0CAF901BD00BFB7
:106C400040B2002807DB044A4109012300F01F007D
:106C5000834042F82130704700E100E040B2002854
:106C60000CDB4309064900F01F002033012282405B
:106C700041F82320BFF34F8FBFF36F8F704700BFE2
:106C800000E100E0054B420900F01F0053F822200C
:106C9000012303FA00F01040704700BF00E100E05C
:106CA00040B20028A8BF00F1604001F10101B8BF67
:106CB000064B4FEA4111ACBF00F5614000F00F00F8
:106CC000C9B2B4BF195480F80013704714ED00E046
:106CD000044B054A23F07F039360BFF34F8FBFF34C
:106CE0006F8F70470000000000ED00E008B5FFF76F
:106CF000EFFF074AD2F8883023F47003C2F88830D7
:106D0000FFF73EFCFFF748FC00F05EF802F0EAF8FF
:106D100000ED00E042F8203C009B42F81C3C0A4990
:106D2000019B42F8183C029B42F8143C21F00101FF
:106D30004FF0807342F8043C42F8081C0023203ACC
:106D40000265C0F8A8307047096300000A4A03468C
:106D5000906878B113F1160FD0F8940005D0A0F127
:106D600040029A4205D8834203D2814228BF0020C4
:106D700070470020704700BFA406002008B51546E4
:106D80000C4A0D4B9060D0F8A4201A600E4600F01B
:106D900045F82C4686F309880020044B9847204686
:106DA000002100220023024C20470000F5BF000014
:106DB00009630000A4060020DC050020014B10221E
:106DC0001A61704700ED00E0044800232021C2183A
:106DD0000133302B82F80013F9D1704700E100E055
:106DE00008B5EFF30583064A103B02EBC30152F8E6
:106DF000330049688847BDE80840FFF73DBC00BF45
:106E00005CD70000024B034A0348012100F078B828
:106E10000000022000000020F8DC0000D0F89420E0
:106E2000054B403A1A60054A4021C3E90112184651
:106E3000012100F06FB800BFE005002000000B1535
:106E4000084AC2F898000B6823F01F03034343F07D
:106E50001003C2F89C308B6843F00103C2F8A030E5
:106E6000704700BF00ED00E02DE9F043DFF86080DF
:106E700085B00E461F4604464FF00009B14523DA9F
:106E80006068D8B13FB1411E08421BD11F2819D9F3
:106E90002368194216D12368019305F0CEF8A36840
:106EA00003430393D8F89050C5F30725D0B2013DB2
:106EB000A84207D801A9FFF7C3FF421C09F1010945
:106EC0000C34DBE76FF01502104605B0BDE8F08327
:106ED00000ED00E0044B0522C3F89420BFF34F8F70
:106EE000BFF36F8F704700BF00ED00E0BFF35F8F0F
:106EF000024B0022C3F89420704700BF00ED00E071
:106F000010B5034C01232278FFF7AEFF207010BDAF
:106F10004307002008B50B4A00231278FFF7A4FFAF
:106F200010F1160F07D0084A0021D2F89030C3F3B1
:106F30000723984200DB08BDC2F89800C2F8A010F1
:106F40000130F2E74307002000ED00E02DE9F043B7
:106F50005B4B5C4CD3F890302568C3F307239D420C
:106F600085B000F2A980FFF7C1FF00200C26854202
:106F70001BD1554C554F25706846FFF7EDFADFF8E9
:106F80004081DFF84C9106460025AE4214D12378AB
:106F90004B490020D1F89020C2F307229342C0F25F
:106FA0008580FFF797FF002045E0616806FB001130
:106FB000FFF746FF0130DAE7009800EB05114FEAD2
:106FC000051CCB683B40B3F5000F4DD00AD8B3F594
:106FD000001F33D0B3F5800F3BD0B3F5801F13D023
:106FE0000135D2E7B3F1007F47D0B3F1805F4DD0D8
:106FF000B3F1807FF4D150F80C3088684A6805F00E
:107000001CF840F0887009E050F80C3088684A6835
:1070100005F013F840F0885040F43020CDE901230A
:107020000390D8F890302078C3F30723013B9842AF
:1070300035D96FF0150005B0BDE8F08350F80C307D
:1070400088684A6804F0F9FF40F0885040F4002056
:10705000E4E750F80C3088684A6804F0EEFF40F02E
:10706000C06040F40030D9E750F80C3088684A68B6
:1070700004F0E3FF40F08270D0E750F80C308868ED
:107080004A6804F0DAFF40F48020C7E750F80C307B
:1070900088684A6804F0D1FF40EA0900BEE701A908
:1070A000FFF7CEFE23780133237099E7C1F89830BB
:1070B000C1F8A00001336DE74FF0FF30BBE700BF20
:1070C00000ED00E004DD0000430700200000F0FFB9
:1070D0000000021108B5024B1B689847002008BD4C
:1070E000EC050020034B044A1860937843F0020338
:1070F00093707047EC0500200800002008B5054893
:1071000004F07DFE002383F31188BFF36F8F042307
:10711000184602DF3FE8000008B50649064821F09E
:107120000701C1F1005202F5003204F00EFE00200A
:1071300008BD00BF87310020F0050020044A01236C
:10714000C2F840354FF080420020C2F878357047D1
:1071500000E0014048B1054B054A1B68B3FBF2F360
:107160005843044B43F0010318477047C401002003
:1071700040420F0080D90000084B70B5C31A0D467D
:1071800007499B10044659430648402204F076FF05
:107190002B4601462046BDE87040184710060020E7
:1071A000B76DDBB6B4D6000073B50C4C0C4A402367
:1071B000041B00930D460B460A49A4106143064682
:1071C000094804F087FF011E05DA30462B4602B05D
:1071D000BDE87040184702B070BD00BF1006002027
:1071E0003FC10000B76DDBB6B4D600000022F8B591
:1071F000012105461046FFF753FD104801F082F9C2
:107200000446B8B901F09EF92F690D49384604F0DB
:1072100052FE031E09DB01263E642D69084905F173
:107220001C0004F048FE031E02DA1C462046F8BD8E
:10723000EE64FBE76FF00404F8E700BF7173000031
:1072400024DD00001FB500220123CDE90223094AF5
:10725000CDF800D06B46CDF804D004F069FF0028CB
:1072600005DB4FF480420023684601F0D5FE05B0EF
:107270005DF804FB51C1000010B5EFF31184202329
:1072800083F31288BFF36F8F074A136823F002015C
:10729000DB07116002D4012005F026FA84F311887F
:1072A000BFF36F8F10BD00BF6006002030B4104BDD
:1072B0000C2202FB003301460020D3E90E529863F2
:1072C000EFF31180202484F31288BFF36F8F1C6CBE
:1072D00004F0C00444F002041C6480F31188BFF37E
:1072E0006F8F1DB12B46034830BC184730BC704728
:1072F00010060020B4D6000010B4EFF31182202352
:1073000083F31288BFF36F8F1748016841F00204BE
:107310000460C80707D482F31188BFF36F8F012080
:1073200010BC05F0D9B94FF08041D1F80C04D1F868
:107330000C14C907EFD5EFF3118083F31288BFF364
:107340006F8F0A490B6C03F0C00343F002030B6418
:1073500080F31188BFF36F8F82F31188BFF36F8FB3
:10736000002010BCFFF7A2BF60060020100600201E
:1073700010B1012804D07047034B1B6C5B0701D18F
:10738000FFF794BF704700BF100600202DE9F041C1
:107390003849BFF35B8F0746012251E8003F41E8BF
:1073A00000200028F9D1BFF35B8F33B9324933484D
:1073B0004B60CB608A6004F091FD7B1E012B2BD8C3
:1073C000012F07D14FF08043D3F81C3403F003039F
:1073D000012B21D005F068FE0546F8B9284B1B7833
:1073E000E3B14FF080430222C3F808230646DFF8DA
:1073F00094804FF08044D4F81824D4F81834D20381
:1074000015D503F00303012B01D0012F0FD155B384
:1074100086F31188BFF36F8FBDE8F081EFF311861B
:10742000202383F31288BFF36F8F0125DFE7ADB10F
:10743000304604F0F3FDD4F81835002BDBD1D4F836
:107440000421002AD7D0C4F80431D4F80431012330
:10745000C4F81835C8F88031A360CCE7002121209A
:1074600005F092FEE7E74FF080430222C3F80423C1
:10747000D2E700BF0C060020FC0500202C060020EF
:107480006407002000E100E008B5074805F0EBFDC7
:1074900038B10648FFF726FE0448FEF717FF002024
:1074A00008BD6FF01200FBE708D70000B1740000C0
:1074B0000A2838B5074D044604D1AB680D215B6836
:1074C00028469847AB6803485B68E1B29847204676
:1074D00038BD00BF08D70000F0B544681646A06864
:1074E000227C01F01F0587B045EA421500286DD0C7
:1074F000B6F5001F04D1294605F019FC002056E01E
:107500006268607CC2F8240501AA0020B6F5800FED
:107510000190506037D1B3F1007F14BF05230423DD
:107520008DF804300023CDE904230393E36823FAA4
:1075300001F111F001010DF103073AD1B6F1A07F7D
:1075400037D105F01F036A0903F5E07326D0012A3D
:107550003FD1214A52F82330DB072AD4A0683A46AB
:10756000294605F05AFB16301BD00297A06803AAE3
:10757000294605F01EFA002819DBA06801222946D9
:1075800005F082FBBAE7B3F1C06F05D0B3F1007F1D
:1075900014BF01230223C3E70323C1E74FF0A04236
:1075A000D8E7A068394601F039F90028DDDA07B0DC
:1075B000F0BDA0683A46294605F02FFB0028D5D13A
:1075C0009DF80310A06801F023F9CFE76FF0850064
:1075D000EDE751F82330FFDE00030050420970B59B
:1075E000034602D0012A17D070BD0D4E3269516892
:1075F0000029F9D003F01F0301250C689D400029E4
:10760000F2D08A682A4002D04B68304698472CB1A5
:10761000236821461C46F2E7024EE7E72346F8E7D7
:10762000ECD60000D0D6000038B54568A86890B107
:1076300005F022FB014670B9A86805F001FB04467D
:1076400058B902460649A86805F0E4FA2246052121
:107650000620FFF725FB002038BD6FF00400FBE794
:10766000DD7500002DE9F043476840F20636D0068C
:107670003B7C87B002EA060654BFC2F3401C4FF0C1
:10768000030C01F01F05B6F5837F144645EA431548
:107690008DF803C045D00DD8062E16D005D8A6B15A
:1076A000022E40D06FF0150038E0B6F5807FF9D19A
:1076B00001260AE040F20222964236D0B6F5407F1B
:1076C00035D0B6F5007FEDD102260123220303FA5F
:1076D00001F12ED57B68C3F80815B86890BB05F09A
:1076E0001F036D092BD0012D75D13D4A02EB83029A
:1076F00084F48033D2F80017C3F30043C4F340444A
:1077000044EA430421F4E16144EA8C0421F00701D6
:1077100044EA06230B43C2F80037002007B0BDE857
:10772000F0830726D1E70426CFE70526CDE7032619
:10773000CBE7630344BF7B68C3F80C15CDE74FF07C
:10774000A042D3E70DF10202294605F066FA14F4CF
:10775000403F80460CD1B868294605F093FAB8F14D
:10776000000FDAD19DF80210B86801F051F8D4E7A3
:107770004FF0000901ABCDE90199CDE90439CDF80D
:107780000C90B86803AA294605F013F94845C4DBF4
:1077900014F4003314D084F480349DF803308DF851
:1077A0000E30C4F300448DF80C608DF80D40B868BD
:1077B0004B4603AA294605F0B4F90028CFDAACE716
:1077C000CDE904330DF103030393B86803AA2946F6
:1077D00005F0EFF8F1E703F5E07350F82330FFDE32
:1077E00000030050036803F01F025B09026004D02D
:1077F000012B034818BF002070474FF0A04070478E
:10780000000300502DE9F04FDFF84C81DFF84C9178
:1078100085B09246834600EB810140F2FF1759453F
:1078200003D1002005B0BDE8F08FDBF8003058042C
:10783000C3F3C322C3F3080400F18780BC4218F8E5
:1078400002604FEA136311D00C2B1CD94E2B7FD151
:10785000CAF8144503A80394FFF7C4FF039B01254E
:1078600005FA03F3C0F808352A4647E00C2B08D97F
:107870004E2B6DD14FF0FF33CAF814350BF1040BCA
:10788000CDE74FF0FF340C2B62D8DFE803F0070C94
:10789000122B15252B616161612E5B00CAF80C4526
:1078A000631CD7D1EAE7CAF81445621CE6D000256C
:1078B000DAE7CAF80845F3E7651CCAF80845DDD0E1
:1078C000002503A80394FFF78DFF039B012202FA12
:1078D00003F3C0F80C3511E0601CCAF80C45CDD09C
:1078E0000125EEE7CAF81045DFE7CAF80845002E83
:1078F000DBD1631CC2D000252A460626DBF8003007
:10790000019303F40040002818BF002203A800924E
:1079100018BF01250394FFF765FF039C019B009AA4
:1079200000EB8400C3F3412CD0F80047330243EA54
:107930008C03134304EA0904234343EA4503C0F8D4
:1079400000379BE7CAF80C45D1E76FF0150069E7EF
:107950006FF0850066E700BF73E80000F0F8FCFFF9
:10796000074BD3F8082142B10020C3F80801D3F82F
:107970000821D3F818350B7070474FF0FF3070476F
:1079800000200040024BD3F88004C3F88004704705
:1079900000200040F8B50E4605F086FB1A4D78BB76
:1079A00064240127BFF35B8F55E8003F002B03D110
:1079B00045E80072002AF7D1BFF35B8F07D0212082
:1079C0000021013C05F0E0FB14F0FF04EAD10F4C6C
:1079D0000023C4F81C31D4F81C310123A360C4F87F
:1079E0001C6542F21076D4F81C3123B9012004F052
:1079F00036FE013EF7D10123E36000232B60F8BD82
:107A000001232B60E3E700BF7C060020002000403C
:107A1000F7B5604A436805690024C2F800451F684D
:107A2000064601AA2146384604F0F0FB00280FDB89
:107A3000019B3A6819791868FFF7E4FE002807DB14
:107A40006B793769012B06D0032B03D06FF08500CB
:107A500003B0F0BD1024AB79032BF7D1E9790029ED
:107A6000F4D12A79012A1AD0022A1AD0002AEDD19B
:107A700011462B68B3F5164F6DD02FD8B3F5165FAE
:107A80006BD018D8B3F5966F69D00CD8B3F5967F44
:107A900068D0B3F5167FD9D14FF41C3345E04FF4CD
:107AA00080710E22E5E7B3F5166F5ED0B3F5965FF1
:107AB000CCD1394B39E0B3F5E14F59D007D8B3F504
:107AC000615F57D0B3F5964FC0D1344B2DE047F6E8
:107AD00012208342BAD14FF4000326E0B3F5613F90
:107AE0004BD011D8B3F5963F49D008D84DF6C020F9
:107AF000834246D0B3F5614FA8D1294B15E0B3F5C9
:107B0000E13FA3D1274B10E0B3F5612F3CD007D85C
:107B1000254883423AD0B3F5E12F97D1234B04E0B7
:107B20002348834292D14FF080531A4E14430C43A2
:107B3000C6F82435C6F86C4595E8030087E80300CD
:107B400004230020C6F80035C6F80801D6F808312D
:107B5000012333607CE7174BE7E7174BE5E74FF46A
:107B60009E23E2E74FF4A033DFE74FF41D23DCE769
:107B7000124BDAE74FF46C13D7E7114BD5E7114BF3
:107B8000D3E74FF46503D0E70F4BCEE74FF08063A8
:107B9000CBE700BF0020004000B0130000A04E0063
:107BA00000F0EB0000E0D70190D0030000705F0709
:107BB00040420F0000509D000050270000F075006B
:107BC00000B0AF0300903A0100D0BE0E2DE9F04F97
:107BD0008DB09A46436800938B88046907469804E1
:107BE000894693462CD44FF0FF324FF0FF3304F117
:107BF000380001F011FAC4F82C907D68D7F8108095
:107C00002B68019398F8853023B1D8F8283099452E
:107C100000F09E80B9F804E01EF4006F17D06FF0FA
:107C20008505A36A13B19B889B0405D40023E362F6
:107C300004F1380001F0BCF928460DB0BDE8F08F22
:107C4000236C002BCFD1E36A9942CCD1D5E71EF04B
:107C5000090F02D06FF01505E3E7CEF34513082BAB
:107C6000F8D1D9F800C09C4B9C45F3D904350FCD11
:107C700002AE0FC60FCD0FC6019B634528BF6346FA
:107C80009C4695E80300954B9C4586E803001BD273
:107C9000934B9C4518D2934B9C4515D2924B9C45D7
:107CA00000F2D080914B9C4500F2CE80904B9C45D9
:107CB00000F2CC808F4B9C4500F2CA808E498F4BDE
:107CC0008F4A8C4588BF13461EF0020F07930EF0B3
:107CD000040300F0BF80002B14BF032302238DF8A0
:107CE0002030CEF300138DF82130D8F80030D3F8CF
:107CF0000835591C15D01EF0020F03F01F00CEF3FB
:107D000040014FEA53134FF0010240F0AA80002BCC
:107D100000F0A480934240F0D8807A4B8240C3F8B0
:107D20000C2598F885302BB1404600F0D7FF002392
:107D300088F88530744A3B4602A9404605F084F82D
:107D4000051EFFF66EAF012388F88530C8F828902D
:107D5000012384F88430009BD96B4A1C02D0986BB5
:107D600004F042FCBBF1000F40F08680C4F85CB028
:107D70000023236604F1700204F1600104F15C0049
:107D800004F061FAE066BAF1000F7ED1C4F864A095
:107D90000023A36604F1780204F1680104F1640091
:107DA00004F051FA002504F128062A4660670121F3
:107DB0003046A56504F07DFA384604F031FB206EAC
:107DC0002A462B46834269D10023A56E1946A94253
:107DD0006BD19A4238BF1A464FF4FA5303FB02F5AF
:107DE000A36A4FF000081B68B5FBF3F54FF4004C95
:107DF000C835414640F2E7304FF47A720023E5FB84
:107E00000C01F8F7D3FE04F1480602460B46304653
:107E100001F002F9024618B9A56D15F1740F4BD1A6
:107E20002046C4F8808000F059FF84F885806FF008
:107E30007301384604F0E2FA304601F013F96FF0AE
:107E40007305EEE6314B3FE7314B3DE7314B3BE706
:107E5000314B39E7003B18BF012340E74FF0A04307
:107E60005CE733B1012B33D1264B8240C3F80825A0
:107E700057E74FF0A043F8E7DBF80030E365002B4D
:107E80003FF476AFDBF8043073E7DAF8003063666E
:107E9000002B3FF47DAFDAF804307AE7E16D01EBB7
:107EA000C301013349680A448CE7606E00EBC100EE
:107EB0000131406803448AE7002D3FF4B2AE3869CF
:107EC0001146283004F0F5F9ABE6C1F80C15FFDED9
:107ED0000023C3F80835FAE747E801000048E80145
:107EE0000024F40000127A00FF083D007F841E0089
:107EF0003F420F001FA107008FD0030048E8010098
:107F000090D0030000030050E1C4000000093D00D0
:107F100080841E0040420F0020A1070000F01F02D5
:107F200040090DD001280ED10A4B03EB82030A4A07
:107F3000D3F80007024042EA8102C3F800277047E5
:107F40004FF0A043F1E702F5E072002353F822302E
:107F5000FFDE00BF00030050F0F8FCFF70B5012306
:107F600083400E4ABFF35B8FDC4352E8001F01EAF7
:107F7000040542E80056002EF7D1BFF35B8F4FF4A3
:107F8000803282400648C0F80823BFF35F8FBFF3FA
:107F90006F8F0B4214BF0120002070BD84060020AB
:107FA0000010014070B40E49D1E90034D01AC31852
:107FB00044F1000422F07F46C1E90034A6F5001325
:107FC000B3F5400F09D2074B1B681A0A1B069C1910
:107FD000054B42F10005C3E9004570BC01F02CBD22
:107FE000E002002088060020E802002011B3BFF361
:107FF0005B8F0123104A834052E800CF4CEA030C08
:1080000042E800C10029F7D1BFF35B8F0B4A4FF460
:1080100080338340C2F80433094BBFF35B8F1B6886
:10802000BFF35B8FC340DB0742BF064B4FF4003208
:10803000C3F80021704700BF8406002000100140F3
:108040008006002000E100E00D4B1868010A0006E0
:10805000BFF35F8F0B4BD3F80435181841F10001C3
:10806000B3F5801F0AD2084BD3E90023904271EB8D
:10807000030303D210F1807041F10001704700BF8B
:108080008806002000100140E80200202DE9F04F92
:1080900085B016461F469DF840A00446FFF75EFFD8
:1080A0000190FFF7D1FFB04271EB070354D23E4B72
:1080B000301A67EB0101984271F100014FD23B4B3E
:1080C00003EB0413D3E902239F4208BF96425ED01C
:1080D00037494FF4803804F1500508FA04F8AD0030
:1080E000C1F848832046ADB204F0A6FA26F07F4BD3
:1080F00005F1804504F5A87305F58835DC464FF099
:1081000003090293029A2CF07F4341F82230C1F810
:108110004483D1F80435274A6FF00200C01A604446
:1081200020F07F40904232D9286868B1D1F80435F8
:108130000393A3EB0B0020F07F40B0F5000F26D98E
:10814000204604F079FA039BBAF1000F07D109EB3E
:10815000030C09F10109D5E7BAF1000F09D06FF05E
:10816000150520460199FFF741FF284605B0BDE8F7
:10817000F08F0123104ABFF35B8FA34052E8000F3A
:10818000184342E800010029F8D1BFF35B8F07498B
:108190000E98230101EB0412C8500F9B5360C2E9F3
:1081A00002670025DDE700BF01008000D00200204B
:1081B00000100140FDFF7F00800600207FB51C4CB1
:1081C0001C4BC4F80833C4F848331B4B00254FF050
:1081D000FF304FF0FF31C4F80855C3E902014FF4F6
:1081E0008033C4F80433154B02264FF400320121CA
:1081F000C4F804631120C3F880212A46FEF750FD1D
:108200001120FEF71DFD0E4A0123A36023601360B9
:108210000C4B0D4A0093CDE9015500232846FFF78A
:1082200035FF3046FFF7B2F8284604B070BD00BFF6
:108230000010014003000F00D002002000E100E028
:1082400084060020A57F0000FFFF7F002DE9F74393
:108250002F4CD4F8043399070BD5D4F8043143B12B
:108260002C4A0023C4F80431D4F8043113680133D4
:108270001360D4F80433DA0329D5BFF35B8F264BA0
:1082800053E8002F22F0010143E800100028F7D145
:10829000BFF35B8FD30702D4D4F84031BBB10025C4
:1082A000C4F84051D4F84031FFF7CEFEEFF311820D
:1082B000202383F31288BFF36F8F184BD3E9026733
:1082C000B042B94106D282F31188BFF36F8F03B079
:1082D000BDE8F0834FF0FF384FF0FF39C3E9028962
:1082E000D3E900101D604FF48033C4F84833C4F85C
:1082F0004051D4F8403182F31188BFF36F8F0029C9
:10830000E5D0009032463B4628468847DFE700BF6D
:10831000001001408806002080060020D0020020C6
:1083200030B5431C124C85B005D08442A8BF04462A
:10833000012CB8BF0124FFF787FE0E4B0C4DD3E98B
:108340000013401AB0F5000F10D22218AA4228BF1D
:108350002A4652184FF0000007490091CDE901006C
:1083600043F10003FFF792FE05B030BD2A46F0E767
:10837000FFFF7F00E0020020A57F000008B5FFF7A7
:1083800063FE024B1B68C01A08BD00BFE00200205C
:10839000024AD2F80034002BFBD0704700E00140C5
:1083A00010B54FF08053D3F830210D2A55D14FF03E
:1083B00080410022C1F80C21C1F81021C1F83825F4
:1083C000464AD3F80404C2F82005D3F80804C2F8DA
:1083D0002405D3F80C04C2F82805D3F81004C2F819
:1083E0002C05D3F81404C2F83005D3F81804C2F8E9
:1083F0003405D3F81C04C2F84005D3F82004C2F8B1
:108400004405D3F82404C2F84805D3F82804C2F878
:108410004C05D3F82C04C2F85005D3F83004C2F848
:108420005405D3F83404C2F86005D3F83804C2F810
:108430006405D3F83C04C2F86805D3F84004C2F8D8
:108440006C05D3F84434C2F87035D1F80034DB073A
:1084500009D56FF00103C1F800344FF08053D3F811
:1084600030310D2B0CD14FF08053D3F834313BB168
:108470004FF01023D3F808224FF08043C3F858255B
:108480004FF01023D3F80022002A03DBD3F8043284
:10849000002B22DA124901234FF01020C1F80435D5
:1084A0001224FFF775FFC0F80042FFF771FFC0F814
:1084B0000442FFF76DFF0023C1F80435FFF768FFA2
:1084C000BFF34F8F0749084BCA6802F4E0621343B9
:1084D000CB60BFF34F8F00BFFDE710BD00C0004071
:1084E00000E0014000ED00E00400FA05014B00202F
:1084F0001B6818478C060020014B1B68184700BFFB
:108500008C06002010B50C4C237993B901232371FC
:108510000A4B2060002818BF184600F023F850B915
:1085200023680748002BBDE8104008BF184600F03C
:108530005BB86FF0770010BD8C060020ED84000062
:10854000F984000008B5064B1B683BB10020FEF71C
:1085500099FB18B9BDE80840FEF772BB08BD00BF23
:108560008C060020054B0246187918B91A600122C2
:108570001A7170476FF07700704700BF94060020B3
:108580004FF080430022C3F80021D3F800210949AD
:1085900001221A60096811B1C3F804237047D3F8A7
:1085A0000021002AFBD00022C3F80021D3F80031BB
:1085B000704700BF940600204FF08043D3F8042397
:1085C000D2070DD5D3F8002152B10022C3F8002103
:1085D000D3F800210122C3F80823024B1B68184777
:1085E000704700BF94060020074A137943B9012160
:1085F000106011714FF080421846C2F8183570476C
:108600006FF07700704700BF9C06002010B54FF058
:1086100080431D4CD3F81814D3F8182411F4803F6C
:1086200019D002F00302012A03D00AB104F089F83C
:1086300000224FF08043C3F818250022C3F804211C
:10864000D3F8042101229A60226872B9D3F8042178
:10865000002AFBD011E0D3F81424D107E8D5D3F8D1
:108660001C249207E2D422681AB10222C3F8042320
:1086700010BDD3F80421002AFBD00022C3F8042146
:10868000D3F80431F4E700BF9C060020F8B54FF0A2
:108690008043194FD3F80443012504F01A0400263F
:1086A00004B9F8BDB4FA84F0C0F11F00830003F5EB
:1086B00080739BB203F1804305FA00F2196824EA43
:1086C00002040029ECD01E601B684FF08043012893
:1086D000C3F808230CD1D3F81824D3F81824920730
:1086E00006D10222C3F81805C3F804239860D7E71F
:1086F0003B68C0B29847D3E79C060020036803F0AC
:108700001F025B09026004D0012B034818BF002040
:1087100070474FF0A040704700030050034A4309E0
:1087200000F01F00D35C1844C0B27047A3E80000FB
:10873000034611F0010030B5CCB213D1A207C4F347
:10874000400020D5124AD2F8200558604FF08053DF
:10875000C2F82005D3F830310D2B15D0003818BFE2
:10876000012010E04FF0A0414FF08055D1F82025B6
:108770001A60C1F82025D5F830510D2D08BFD1F869
:108780002015002ADAD030BDD2F82035E6E700BF48
:1087900000030050F7B504460846FFF7BFFF06B2D6
:1087A00004EB46060D46B38ADB072BD5204604F0C2
:1087B000DDF82946204604F037F858B1204604F089
:1087C00049F8276800B207EB80030022C3F81025A0
:1087D000C3F810252946204604F065F80021B1822F
:1087E00001A80195FFF78AFF019B00EB8300074B6F
:1087F000D0F80027134043F00203C0F800370846C2
:1088000003B0F0BD6FF01500FAE700BFF0F8FCFF11
:10881000014803F044BF00BFC801002010B5044860
:108820000C4603F01EFF0028A4BF2070002010BDDE
:10883000C80100202DE9F04F804689B058F804ABFC
:10884000DAF80413C9B28346082241F000415046C9
:1088500004F064F8051E2BDA0023032106A8CDE9F5
:108860000633FFF765FF644B01930DF118090023F0
:10887000019A009312F8013B60490192DA0803F073
:1088800007038A5C22FA03F3DA071AD4009B09F182
:108890000409A3B14FF000410022504604F03EF815
:1088A000032106A8FFF744FF0028DCD125F000458E
:1088B0000124002D40F08A8009B0BDE8F08F01232B
:1088C000D6E7009B4E4A13440293D9F800100029C2
:1088D000DCD0029B91FAA1F11C78B1FA81F141EA56
:1088E00044142046FFF71AFF0BEB40000594878ADB
:1088F000C808BB0819F80020039301F00701012301
:1089000003FA01F122EA010209F8002005A8FFF7A5
:10891000F5FE059A039B02F5E072C7F3820650F854
:1089200022205B073746C2F3014233D5D6B2404618
:108930003A46214603F098FF05A80594FFF7DEFEAE
:10894000059B03F5E07350F82330C3F301439E42C7
:1089500007D10021204603F058FF3146204603F09E
:1089600054FF05A80594FFF7C9FE059B012202FAF2
:1089700003F3C0F820354FF08053D3F830310D2B7E
:1089800001BFD0F82035D0F82035D0F82035D0F808
:1089900020359AE7022A0DD10321204603F035FF46
:1089A00006F00503012BDCD13A462146404603F090
:1089B0005BFFD6E702212046039203F026FF032E39
:1089C000F2D0039A032ACCD1022EECE795FAA5F354
:1089D000B3FA83F304FA03F225EA020503F5A2725F
:1089E0000BEB43035AF82220B3F87010C2F3014294
:1089F000404603F039FF5CE7B3E8000064DE0000A6
:108A0000B3E80000036803F01F025B09026004D0B2
:108A1000012B034818BF002070474FF0A04070475B
:108A2000000300500F4B984219D00DD80E4B9842BE
:108A300015D007D80D4B984211D00D4BC31A584290
:108A4000584170470B4BF9E70B4B984207D004D8BD
:108A50000A4B984203D00A4BF0E70A4BEEE701209D
:108A6000704700BF80841E0020A1070048E8010075
:108A700090D0030040420F000024F40000093D00A4
:108A800000127A000048E80137B51446421C05463A
:108A900018D0012902D1BBB104F0A0F901A80195B9
:108AA000FFF7B0FF019B0A4A00EB8300A300D0F858
:108AB000005743EA41030B432A40134343F44073F6
:108AC000C0F8003703B030BD04F095F9E6E700BF09
:108AD000F0F8FCFF2DE9F84F91F8213007460C46DD
:108AE000002B00F0968091F822806569674B9D42CB
:108AF00000F0A88000F29880654B9D4200F0A580B0
:108B000000F28A80634B9D4200F0A280624B9D423E
:108B10000CBF4FF080654FF0804594F8232097F804
:108B2000223062F3000387F82230227CDBB262F34A
:108B3000410387F8223094F823600EBB237E20681F
:108B4000012B94BF0023012301213246FFF79CFF34
:108B5000606833463246FFF797FFA27EA06833462F
:108B60003146FFF791FF237CE06883F00103324632
:108B70000121FFF789FFE0690B463246FFF784FFCA
:108B800094F82130002B6CD04FF0FF337B6294F8C7
:108B9000211094F812E0207E627E00296BD0E668F6
:108BA000217C94F8249094F820C03B68B9F1000F20
:108BB00012D1D4E900BAD4F80890E469C3F808B532
:108BC000C3F80CA5C3F81095C3F86C45C3F8146539
:108BD000C3F86815C3F86485003A18BF012202285B
:108BE000C3F8C0E5C3F8245548D0032849D001286C
:108BF00001D142F00202C3F85425C3F860C57B6876
:108C0000002B41D03868BDE8F84F40F30730FEF73D
:108C100017B84FF0020868E7204B9D420CBF4FF099
:108C200080554FF0804578E71D4B9D4213D01D4B7A
:108C30009D4213D01C4B9D420CBF4FF000454FF09E
:108C400080456AE74FF0005567E74FF0006564E73D
:108C50004FF0007561E74FF020655EE74FF0A055DB
:108C60005BE7E3687B62227C97F8223062F3410382
:108C700087F822308BE74FF0FF3692E742F004028C
:108C8000B9E742F00602B6E7BDE8F88F80841E001F
:108C900020A1070048E8010090D0030040420F00E7
:108CA0000024F4000048E80100127A00431C07B5D4
:108CB0000ED0019001A8FFF7A5FE019B00EB8300F9
:108CC000054BD0F80027134043F00203C0F80037EB
:108CD00003B05DF804FB00BFF0F8FCFF38B50446B4
:108CE000006840F30730FDF7B9FF636843B12146E0
:108CF000154A51F8043BC3F80823206804F088F8AB
:108D00002368D3F80805D3F80C15D3F8105594F858
:108D10002230DB0714D4FFF7C9FF2846FFF7C6FF50
:108D20000846FFF7C3FF606AFFF7C0FF2368D3F868
:108D30006C05D3F81415FFF7B9FF0846FFF7B6FF27
:108D4000002384F8203038BD5201080038B5EFF315
:108D50001185202383F31288BFF36F8F064B9C6825
:108D600004F094F985F31188BFF36F8F2046BDE8B6
:108D70003840FDF70BBF00BFA406002038B50A4BF2
:108D800053F82040013053F82050A54200D838BD98
:108D9000606830B1037EDB0701D404F04CF908347D
:108DA000F3E723689847FAE768DE000070B52A4BBE
:108DB0002A4C2B4D012286B003201A70FFF7DEFFEC
:108DC00004F048FA0420FFF7D9FF2646AE4204F12A
:108DD000300410D300F018FB204C224EAC4226D3B6
:108DE00000F026FBF8F786F91F4A137B23F00103F6
:108DF000137306B070BD54F80C3C059354F8103C46
:108E0000049354F8143C039354F8183C029354F818
:108E10001C3C019354F8203C009354E90A2354E984
:108E20000C0100F059F954F8303C5E65CDE7D4E907
:108E30000A23B3F1FF3F08BFB2F1FF3F05D052EA6A
:108E40000301206803D100F0CDFB3034C6E7314682
:108E5000183000F061FDF8E764070020DCD800005E
:108E6000DCD8000081D10000A003002070B5174EAF
:108E7000174D184986B0B02303FB0066164B0593C7
:108E800001220F23CDE903320023CDE9013314235E
:108E900003FB005504464FF4C07000FB04110F4B58
:108EA00000954FF4A072304600F016F9737B0C4A1F
:108EB000EE6023F0040373734FF4046304FB033385
:108EC00013442C746B6006B070BD00BFF00200202C
:108ED000A4060020C00F0020B5E8000093D00000D9
:108EE00080070020BFB50020FFF748FF284B83F321
:108EF0000888284C284F636943F400736361002598
:108F0000E02384F82230E57725766576A57684F827
:108F10002050636A43F4E023636284F82350FDF732
:108F2000ABFDFDF74BFF4FF0FF33A362E362FEF7AB
:108F30000DF8FDF767FF1948194C00F043F90120BF
:108F4000FFF71CFF0220FFF719FF00F0A5FA154BF1
:108F500015495C61154B05930123CDE903534FF48B
:108F600000523B46CDE901550095204600F0B4F88B
:108F7000627B064622F004022046627304F0D4F8B5
:108F80002846FFF773FF3A4631462046FDF7F6FEC6
:108F9000C00F002000ED00E0AD8D00005004002067
:108FA000A0030020A406002040110020BAE8000021
:108FB00070B5EFF31186202383F31288BFF36F8F10
:108FC0000468A0421BD0D4B1D4E9003213605A60C7
:108FD000637B002523F002036373C4E90055A56099
:108FE00004F1180004F008F92046C4F8AC5004F06D
:108FF0009BF831460748BDE8704000F0DFB9D0E982
:1090000002329A4218BF0133836086F31188BFF39E
:109010006F8F70BD6507002013B5EFF31181202419
:1090200084F31288BFF36F8F846844B1013C84607D
:1090300081F31188BFF36F8F002002B010BD52EA98
:10904000030406D181F31188BFF36F8F6FF00F0017
:10905000F3E7CDE900230246014800F08DF9ECE783
:10906000650700202DE9F0410546EFF31187202325
:1090700083F31288BFF36F8F00231E466FF00A0838
:109080002C68A54216D0ACB1D4E9003213605A6006
:10909000637BA66023F002036373C4E9006604F1F6
:1090A000180004F0A9F8C4F8AC80204604F03CF89D
:1090B0000123E5E70022AA602BB139460548BDE847
:1090C000F04100F07BB987F31188BFF36F8FBDE8E3
:1090D000F08100BF650700202DE9F04F073285B011
:1090E00022F0070204461E467F3200F15803C0E911
:1090F000163322F03F02129B237300200D46119B72
:10910000DDF838A0139FA06004213F2AC4E90600BF
:109110006173A373E07305F14009A2F1400B05D818
:1091200080F31188BFF36F8F084602DF05EB02085A
:1091300041462046FDF780FA0730109B20F00700DB
:10914000C4E9259BC4F89C0002930F9BA8EB000B7D
:10915000CDE900A35A46334629462046FDF7DAFDFD
:109160000F9BA3664FF00008109BC4F85480C4E91D
:10917000186AE366EFF31182202181F31288BFF3AE
:109180006F8F0F4D296A21672C6282F31188BFF31C
:109190006F8F8FB11F22394604F1740004F081F8FB
:1091A00084F89380AB680BB1D3F8A030C4F8A0303A
:1091B000584605B0BDE8F08F84F87470F2E700BF40
:1091C000A406002040F2011383810023C0E9253367
:1091D000C0F8A030014B9860704700BFA406002083
:1091E0000A4A93686FF00A01C3F8AC100849C3F843
:1091F000A8004B6843F080534B60002383F3118831
:10920000BFF36F8F9368D3F8AC007047A4060020BB
:1092100000ED00E070B590F90D20437B002A36DBAD
:10922000D90634D11B4C63F07F032246437352F8B6
:10923000183FE169934207D1C0E900210860E0616D
:1092400011E09942F8D01B68002BF5D090F90E5030
:1092500093F90E60B542F4D0AE42F2DD5968C0E930
:10926000003108605860A569954200D005B9E568ED
:10927000A3685A7BD20604D1DA897F2A01D9AA6968
:1092800032B1AB4202D0284600F0A8FA656170BD49
:109290006361FCE7A406002038B590F90D20437BFC
:1092A000002A014604DA03F07F03437303F002FF50
:1092B0000D4D2A46AB6852F8184F944200D004B9BD
:1092C000EC688B4207D05A7BD20604D1DA897F2A18
:1092D00001D9A2692AB1A34202D0204600F07EFA49
:1092E00023466B6138BD00BFA4060020B3F1FF3FE9
:1092F00008BFB2F1FF3F03D00249183000F00CBBA9
:10930000704700BF81D1000038B5194CA168E069F1
:109310000B68814214BF1A46002249680B605960ED
:10932000A368E1692AB9134AC3E900210B60E3612C
:109330000CE093F90E0092F90E50A84214D0854229
:1093400012DD5168C3E900210B605360A569094B28
:109350009D4200D005B9E568A3689D4202D0284629
:1093600000F03CFA656138BD9142DCD01268D9E763
:10937000A4060020BC060020F8B50E4B0C46114692
:109380000D4A98681060DDE90667EFF3118220222C
:1093900082F31288BFF36F8F9D68284603F09CFE0E
:1093A000284632463B46FFF7A1FF2046BDE8F8407D
:1093B000FFF716BFA4060020C806002049B9EFF346
:1093C000058030B9054B5A699B689A4201D0FFF776
:1093D00007BF81F31188BFF36F8F7047A406002089
:1093E000034648B9EFF3058232B9064A51699268DB
:1093F000914201D0FFF7F4BE83F31188BFF36F8F62
:10940000704700BFA4060020EFF31181202383F3EF
:109410001288BFF36F8F054B9A68D37B013BD373E0
:1094200081F31188BFF36F8F704700BFA40600203F
:1094300070B5EFF31186202383F31288BFF36F8F8B
:10944000144DAB68DA7B0132DA732A4652F8184FB2
:10945000944200D004B9EC685A7BD20604D1DA8970
:109460007F2A01D9A2692AB1A34202D0204600F086
:10947000B5F923466B6186F31188BFF36F8FEFF365
:109480001180202383F31288BFF36F8FBDE87040F3
:10949000FFF7A6BFA4060020024B03F11802C3E9A0
:1094A00006227047A406002070B5EFF31186202332
:1094B00083F31288BFF36F8F1B4CA168E0690B68C0
:1094C000814214BF1A46002249680B605960A368A4
:1094D000E1692AB9154AC3E900210B60E3610CE098
:1094E00093F90E0092F90E50A84218D0854216DD6D
:1094F0005168C3E900210B605360A5690B4B9D4285
:1095000000D005B9E568A3689D4202D0284600F066
:1095100065F965613046BDE87040FFF761BE8A427B
:10952000D8D01268D5E700BFA4060020BC060020F2
:10953000F8B550EA010306460C4603D1FFF7B4FF25
:109540000020F8BDEFF31187202383F31288BFF3C7
:109550006F8F124D124BA8681860FFF79DFEA86828
:10956000104923463246183000F0D6F9AA68537BDA
:1095700043F00403537304463846FFF731FEAB68EB
:10958000D3E90A23B3F1004F08BF002AD8D103F072
:109590005BFE201A20EAE070D3E700BFA40600209B
:1095A000C806002081D100000C490D4A38B50024BE
:1095B0004FF400458C462146C0FB05C100236046A0
:1095C000F7F7F4FAC117FFF7B3FF054A47F6FF7341
:1095D000C0FB0234DB0B43EA444038BD3F420F007E
:1095E00040420F0038B50446EFF31185202383F382
:1095F0001288BFF36F8F437B5B070FD5183003F0E2
:10960000FBFD637B23F0040320466373FFF702FE38
:1096100029460548BDE83840FFF7D0BE85F31188DC
:10962000BFF36F8F38BD00BF65070020014B9868FE
:10963000704700BFA40600202DE9F8430446077BCD
:10964000EFF31185202383F31288BFF36F8F437BE1
:10965000190705D585F31188BFF36F8FBDE8F8832F
:10966000D90943F0080260D14273A36813B12046C0
:1096700003F028FD04F1180003F0BEFDA66D04F10F
:109680005808B04511D04FF0000976B1304603F0CC
:1096900019FD06F1180003F0AFFDC6F8AC90304696
:1096A000FFF7B8FDA66DB045EFD1DFF8C480D8F85C
:1096B00008309C4241D1EFF30589B9F1000918BF88
:1096C0004FF00109D8F818602A4A964200D00EB926
:1096D000D8F80C60B34202D0304600F07FF8204644
:1096E000C8F8146002F083FC204600F0C9F8B9F114
:1096F000000F02D02048FFF765FDD8F808309C42E3
:1097000031D1EFF3058373BB227BD20718D42846EF
:10971000FFF766FDFB07A1D5002383F31188BFF394
:109720006F8F0423184602DF98E703F07F0343F0AE
:109730000803437303F0BEFC97E74FF00009C1E74D
:1097400085F31188BFF36F8F83F31188BFF36F8F99
:109750000423184602DFEFF31180202383F31288DD
:10976000BFF36F8FD4E785F31188BFF36F8FD1E715
:10977000A4060020BC06002050040020427B12F00A
:109780001F02034610D10A4988420DD009490868D2
:1097900068B1D9897F2909D893F90E20064B1B6837
:1097A0009A42B8BF002070470020704710467047AB
:1097B000F0020020CC010020CC060020044BC01A8F
:1097C000044BC0105843044B01221A54704700BF89
:1097D00000050020ABAAAAAA6507002070B50D4BB2
:1097E0000D4D1E7CFFF7CAFF06EB460305EBC305D4
:1097F0000446284603F000FD084B00229A553CB170
:10980000621E28460649BDE87040D31700F084B8B0
:1098100070BD00BFA40600200005002065070020E1
:10982000BD97000038B5EFF31185202383F312882C
:10983000BFF36F8F0F4B104A9C681068A04206D18F
:10984000FFF7CCFF85F31188BFF36F8F38BD002180
:109850001B7C1160094AD35C002BF3D02046FFF734
:109860008DFF0028EED0637BDB0601D1FFF74CFDB6
:109870002046E5E7A4060020C80600206507002072
:10988000EFF31181202383F31288BFF36F8F0A4A0D
:10989000136A834207D11B6F136281F31188BFF3F0
:1098A0006F8F70471346002BF7D01A6F8242F9D1A1
:1098B000026F1A67F1E700BFA4060020024B186888
:1098C000984208BF00207047D0010020034B1B685E
:1098D0000BB9FEF753BD0020704700BFD006002033
:1098E00030B570B10B4B5B6898420AD0036843B146
:1098F000D3E90421D0E90445121941EB0501C3E97C
:109900000421D0E9003213605A600023C0E900331B
:1099100030BD00BFD0010020B3F1FF3F08BFB2F15E
:10992000FF3F2DE9F84F0446994615461F467AD069
:109930008160EFF31188202383F31288BFF36F8FC8
:10994000B9F1000FDFF8E4A020DBFFF7BFFFDAE991
:109950000027013549F100092D1849EBE073C4E9EE
:109960000453AD18064643EB07074FF00109FFF714
:10997000A5FFDFF8BCE0DEF804A00346EBB9C4E9BC
:1099800000EACAF80040CEF8044028E0DAE9001204
:109990006FF001035B1A4FF0FF3161EB02025B1BBA
:1099A00062EB0902012B72F10001BCBF012300220E
:1099B000C0E904324FF00009D9E7D3E9041CD4E927
:1099C00004208A4270EB0C0B24DA891A5A686CEB7B
:1099D0000000C3E90410C4E9003214605C60FFF7C2
:1099E0006DFF84420ED1134B1B685BB9B9F1000FB8
:1099F00002D1FFF76BFF0646304603F0E6FB00217D
:109A0000FEF78EFC88F31188BFF36F8F2846394626
:109A1000BDE8F88F521A60EB0C009A45C4E90420A7
:109A2000ADD01B68AAE700252F46EFE718050020F8
:109A3000D0010020D00600202DE9F047EFF311857A
:109A4000202383F31288BFF36F8FDFF8A490DFF831
:109A5000A480C9F80000FFF731FF00260027D9F8DD
:109A60000030D8E900ECD91750B1D0E90442A34244
:109A700071EB020A1CDAE41A62EB0102C0E904424B
:109A800013EB0E034FF000044CEB01012046C8E934
:109A90000031C9F8004003F098FB2146FEF740FC76
:109AA00085F31188BFF36F8FBDE8F047FFF7BABEAB
:109AB00014EB0E024CEBE473C0E90467C8E9002321
:109AC000FFF70EFF85F31188BFF36F8F8368984708
:109AD000EFF31185202383F31288BFF36F8FD9F83A
:109AE00000301B1BC9F80030FFF7E8FEB7E700BFE6
:109AF000D00600201805002010B5EFF311842023B4
:109B000083F31288BFF36F8FFFF7E0FE054A034629
:109B1000D2E90001181841EBE37184F31188BFF317
:109B20006F8F10BD180500202DE9F0410126074672
:109B3000B24201DCBDE8F0813B461F4613F8014B01
:109B4000002CF7D0252CF8D11C78252C07F1020722
:109B5000F2D00023DFF804819C461D461F2D18D843
:109B6000A4F1200EBEF1100F09D9A4F1300EBEF100
:109B7000090F1ED80A2404FB03E3202504E028FA79
:109B80000EFE1EF0010F06D017F8014B002CE5D198
:109B900028E07F2D1CD8A4F1300EBEF1090FE9D9C1
:109BA000242C10D1BCF1000F46D0B34246D0002384
:109BB000EAE724F0040EBEF12A0FF8D06C2C09D18C
:109BC00045F08005E0E724F0040EBEF12A0FEED048
:109BD0006C2C22D06C2C1BD8682C23D06A2C28D05B
:109BE0004C2C26D0BCF1000FA4D0B445A0D144F039
:109BF0002007A7F1650CBCF1020F0B6801D9612F9A
:109C00001ED1073323F0070308330B6001368EE7BC
:109C1000742CB9D07A2CB7D0E4E72C0648BF45F4B1
:109C20000075CDE7EC0548BF45F4007545F4807537
:109C3000AAE745F42075A7E79C46B8E76324D6E772
:109C4000692C02D007D8632C03D02F0601D5AC05B0
:109C5000D7D40433D9E7732CF6E700BF8928010075
:109C60002DE9F04F95B043680393837880469807B9
:109C7000CDE9081217D50D920B4600251F78A7B124
:109C8000252F16D001330793039B4146384698474A
:109C9000002805F1010580F2398498F8023043F07C
:109CA000040388F802304FF0FF35284615B0BDE8B0
:109CB000F08F5F789A1C252F0792E5D00024264666
:109CC000A246A346BBF11F0F32D8A7F12003102BE9
:109CD0000AD8DFE803F02409092A0909091B090940
:109CE0000922092709091900A7F13003092B2DD9E9
:109CF0002A2F39D154B90D9B1BF0400F53F8042B78
:109D00000D9329D0164601E04BF0010B079B13F889
:109D1000017B0793002FD5D15BE04BF0020B4BF09A
:109D2000040BF3E74BF0080BF0E74BF0100BEDE7FB
:109D3000BBF17F0F3FD8A7F13003092BD8D81BF018
:109D4000400F03D00A2202FB0636DFE70A2202FB9D
:109D50000A3A4BF0200BD9E7B2F1000AF9DACAF15E
:109D6000000A4BF0280BD1E72E2F05D11BF0400F36
:109D70009BD14BF0400BC9E7242F1CD1002C00F0E5
:109D80004281099B0D931BF0400F0AD1524608985F
:109D90000DA9FFF7C9FE0D9B1A1DD3F800A00D9267
:109DA000B4E7324608980DA9FFF7BEFE0D9B1A1DB9
:109DB0001E680D92AAE76C2F00F0128100F2098153
:109DC000682F00F015816A2F00F01A814C2F00F0E7
:109DD000178134B1099B08980D9322460DA9FFF70E
:109DE000A3FE002E47F02009B8BF2BF0400BA9F1CD
:109DF0006503BCBF1FFA8BFB0026022B40F20881D3
:109E0000B9F1610F40F06782FF4307F0200306932A
:109E10000D9B073323F007031BF0400FD3E900012C
:109E200003F1080208BF4FF0FF36069B0D92009326
:109E30000EAA334603F074FB0130C3B2B3424BF4B5
:109E4000C054049301DB049B5E1E01230E9F059307
:109E5000A3464FF0700907F10903122B0DD907F142
:109E60006303C62B40F20F8107F2E73340F2CE7254
:109E7000934294BF0323042305939DF83C2002F0F2
:109E80000C0312F0010240F019811BF0020F40F0A8
:109E900012811BF0040400F0F880002B40F01181C7
:109EA00020231BF4405F1FD1049A5032002E6A44D5
:109EB00008BF0126133A049921B112F8011D302977
:109EC00000F036811BF0100F049A18BF3246391D7E
:109ED000C0F23381B74280F23081BA424BF4005B6A
:109EE00040F32D817E1C961B1BF400520A9200F059
:109EF000288127EAE774013403B10134002E00F011
:109F00002881721C1444A245CCBFAAEB040400248F
:109F10001BF0090F04D12C44A54240F01F810024FE
:109F200043B118464146039B9847002805F10105B7
:109F3000FFF6B3AE1BF4006F13D0039B41463020F5
:109F400098470028FFF6A9AE069BC3F1780041466A
:109F5000039B00F0F8009847002805F10205FFF682
:109F60009CAE1BF0080F05D12C44AC4240F002819E
:109F7000254600240A9B002B00F01C8127EAE77A83
:109F8000A7EB0A077642049BBB4284BF0EABFB18CB
:109F90000AF1FF3A88BF5879039B98BF3020564595
:109FA00005F10109414600F3EF809847002807F1C9
:109FB0000107FFF672AEBAF1FF3F08D1039B41469D
:109FC0002E2098470028FFF668AE05F102094D469D
:109FD000D9E7742F3FF49AAE7A2F3FF497AEF8E6A4
:109FE0001BF0800F18BF4BF4007B4BF0800B8DE60D
:109FF0001BF4807F18BF4BF4007B4BF4807B85E61D
:10A000004BF4207B82E62646B3465446B2467DE6B4
:10A01000FF4307F0200306930D9B073323F007034C
:10A020001BF0400F03F1080208BF0626B9F1650FC7
:10A03000D3E900010D9213D1731C0022DBB24BF463
:10A04000805B1446112BCDE9002428BF11230EAAF2
:10A0500000F0FCFAC3B2049302230E9F0593FAE6C4
:10A06000B9F1660F05D14BF4005B34460122112390
:10A07000E8E7F3B2012B4FF0000238BF012314468A
:10A080004FF06509DEE70223F6E6002B3FF409AF47
:10A09000BAF1030F3BDC9DF83C30A64E13F0080FDD
:10A0A000A54B08BF1E463746B94617F8010BB0BB93
:10A0B000AE1BB1447BE033BB2B23F2E62BBB2D233D
:10A0C000EFE62022BAF1040F13DD1BF0080FAAF10E
:10A0D00004040FD12C44039B04924146202098474E
:10A0E000002805F10105FFF6D8ADA542049AF2D18A
:10A0F0009AB10024039B414610469847002805F179
:10A100000105C8DAC9E52B22DCE72D22DAE71BF0CE
:10A11000080FAAF10304BED1DCE71446BBE7069B97
:10A12000C01A4146039BC0B298470028BCDAB4E588
:10A1300004990139C9B20491BDE6561ED4E6002641
:10A14000D2E61BF4006F059A0CBF032405241444C7
:10A15000D2E61BF0100F18BF0134D4E60B93414632
:10A16000039B2020984700280B9B05F10105BFF6B3
:10A17000D3AE92E5039B414630209847002805F175
:10A180000105BFF6F2AE88E598470028FFF685ADD9
:10A190001BF0100F0BD0BAF1FF3F08D105F10209F7
:10A1A00041462E20039B98470028FFF676AD4D468A
:10A1B0004C4433E29DF83D00039B414698470028FC
:10A1C000FFF66BAD002E69DD039B41462E209847BC
:10A1D0000028FFF662AD4FF0010A049B9A45BBBF11
:10A1E0000EAB534430205879039B414698470028D2
:10A1F000D346FFF652AD0AF1010A5645EDDA0235B3
:10A200005D44069BA9EB03004146039BC0B29847FF
:10A210000028FFF642AD002FB4BF2D202B20039B5A
:10A220004146B8BF7F4298470028FFF636AD059BF0
:10A23000042B41D14FF47A79B7FBF9F606F13000DF
:10A24000039B4146C0B29847002805F10305FFF67D
:10A2500024AD09FB16774FF06409B7FBF9F606F158
:10A260003000039B4146C0B29847002805F1010524
:10A27000FFF613AD09FB16774FF00A09B7FBF9F6A5
:10A2800006F13000039B4146C0B29847002805F113
:10A290000105FFF602AD09FB167715E01BF0100F64
:10A2A00001D10135ADE7039B41462E209847002898
:10A2B00005F10205A5DAF0E4059B032B05F1020583
:10A2C000C9D0059B012BD7D107F1300005F1010959
:10A2D0004146C0B266E7A7F16303122B00F2FF808C
:10A2E000DFE813F013005700FD00FD00FD00FD0046
:10A2F0005700FD00FD00FD00FD00FD001701F80006
:10A30000FD00FD002C00FD00B9000D9B1A1D1B680F
:10A310000D928DF8383001240EAF1BF0080F2ED0AF
:10A320003E19B946B1452CD1EF1BB944AAEB040440
:10A330003DE700BFC3E80000BFE800000D9B1A1D09
:10A340000D921F68AB4B002F08BF1F461BF0400F3C
:10A3500014BF31464FF0FF31384602F0B2FF0446D9
:10A36000DBE7039B4146202098470028FFF695AC89
:10A37000013EB442F5D35544AD1BB246D0E7564634
:10A38000F7E719F8010B039B414698470028C9DA03
:10A3900083E41BF0800F0D9B35D01BF4007F2DD084
:10A3A000073323F00703D3E9000103F108020D92FC
:10A3B0002BF0100900291FFA89F936DA404261EBC7
:10A3C000410149F480690DF1380B0A235A4602F025
:10A3D00084FF19F0400FA0EB0B0B65D029F00102B0
:10A3E0005E4592B240F3B280002F00F0A98019F0D0
:10A3F00010033446914626D002345CE01A1D1868DA
:10A400000D92C117D4E71A1D1BF4807F19680D92B5
:10A4100001D10846F5E71BF4007F15BF48B208B22A
:10A4200041F3C01141F3C031C2E750EA0103CAD180
:10A430001BF0400FC7D0002EC5D12BF0110B1FFA17
:10A440008BF93446B34640F2064319EA03031CBFB6
:10A45000013400232FE02BF0100B1FFA8BFB0A2393
:10A460001BF080040D9A57D01BF400711DBF0732FA
:10A4700022F0070202F10801101D19BF0D91D2E967
:10A4800000010D90106850EA010252D12BF016091C
:10A490001BF0400F1FFA89F94FD0002E4DD12BF041
:10A4A000170B1FFA8BF9B34619F0100352D0002F87
:10A4B0004ED10BF1010419F0080F5ED119F0010F14
:10A4C00006D0A2456EDDAAEB040404EB0B0654464D
:10A4D00022464DE04BF0100B10237827C0E7B9F16E
:10A4E000780F04D1C7F1780343F01003B8E7039B5A
:10A4F0004146252098470028FFF6CFAB039B4146F5
:10A50000384698470028FFF6C8AB0235079BFFF78F
:10A51000B5BB08230027A3E7111D0D911BF4807123
:10A520001068B0D01BF400711ABFC0B2214680B2CF
:10A53000A9E72BF0060B1FFA8BF90DF1380B45E755
:10A5400029F011091FFA89F934467CE79146ABE7F7
:10A550005C4651E75C4676E7CDE904234146039B20
:10A56000202098470028FFF698AB049A059B0132FB
:10A570009245F1DC2C1BA5181446F3B1039B414610
:10A58000302098470028FFF688AB6FB90135A946FF
:10A590002E44A6EB09035B4521DC5D460EAE5DBB98
:10A5A000D944C3E65E4693E7023541463846039BED
:10A5B00098470028EBDAFFF770BB40F2064319EA30
:10A5C000030FE4D019F0020F14BF2B20202019F440
:10A5D000806F05F10105414618BF2D20E7E7039B79
:10A5E000414630209847002809F10109D1DAFFF7E8
:10A5F00054BB00BFC7E80000013D039B705D4146AE
:10A6000098470028CBDAFFF748BB039B4146202040
:10A610009847002805F10105FFF63FAB631B002BAF
:10A62000F3DC73E71FB502AB0093074A4FF0CC335E
:10A6300002F036FFDDE90201C00840EA4170C908B6
:10A6400005B05DF804FB00BFCDCCCCCC2DE9F04FBC
:10A650009BB0044605920A460A93C2F30A559DF838
:10A6600090300B93D20FC1F313030992090D7DB9FA
:10A6700050EA03021BD1059A30235371099B1560E0
:10A6800043F002031371012738461BB0BDE8F08F79
:10A6900040F2FF7295424AD10343099B059A14BFC9
:10A6A00043F0080343F0040313710027ECE700F0C4
:10A6B000010208924FEA83080122AC4D48EA9078E3
:10A6C00087009A461646C5F1000B5846069200F0E0
:10A6D00011FAB5F1FF3FACBF8146A0F10109ABEB28
:10A6E000090B09EB05035846049300F009FA16A973
:10A6F000A0F17D05584600F023FA12AB069A0193AB
:10A70000A9EB050510AB0292009320462B4616AA32
:10A71000514602F00AFEB9F1010F04460D4600F25F
:10A72000D280089B002B40F0C58001276BE043F4EA
:10A73000801A00F001024FEA8A080343A5F235456A
:10A74000089248EA90784FEA800749D140F2FE73B8
:10A7500019420CBF01260026002D3246B3DB2846E5
:10A7600000F0C2F9032DC8BF0138049000F0C8F909
:10A77000049B7C305D1B054416A9184600F054FA72
:10A7800012AB019310AB009320462B46029616AAFB
:10A79000514602F0CAFD049B152B04460D4600F2FB
:10A7A000868014AB724A009338464FF0CC33414652
:10A7B00002F076FE149B159A9B0843EA827303EB22
:10A7C0008303BB42DDE9109A0CD13846414600F0C4
:10A7D0009FF9049B83428CBF00270127002612E0CB
:10A7E0000126B9E7089B002B51D1013F48F1FF3109
:10A7F000B81B61F1000100F08BF9049B089F8342B4
:10A800008CBF002601260B9B002B40F09180DDF8C9
:10A8100028B04FF00008CDE906884FF00A0ADDE9BC
:10A820001001FFF7FFFE129B0E93CDE90C011846B5
:10A830001399FFF7F7FE0C9B0D9A0F9198420B4668
:10A840009341814680F08E8020462946FFF7EAFE3C
:10A850000E9A0AFB09F3934214BF002606F0010684
:10A860000C9B10930D9BCDE911390F9B1393079B04
:10A87000B8F1000F14BF002707F0010701330AFBEE
:10A8800010485FFA88F8079304460D46C7E7B81CDE
:10A8900048F1000100F03CF9049B83428CBF00208A
:10A8A0000120B9EB00006AF10002CDE91002002797
:10A8B0003E46A8E7109B119A013B42F1FF32CDE9D9
:10A8C000103201278AE7B9F13E0FF0D84FF0FF337D
:10A8D000A9F1200003FA09F203FA00F0C9F12001FE
:10A8E00023FA01F102430A4303FA09F327EA0307B3
:10A8F00028EA020857EA08070CBF012700276DE77E
:10A9000000FB02FCA1FB0012013362448C4275EB98
:10A91000020CF5D2049ADDF828B01344259A1344AA
:10A92000D20F9342B8BF13469B45A8BF9B4670E722
:10A930000A21002201230846E8E70AFB03F0A2FBF4
:10A940000A2301310344944275EB0300F5D25945C3
:10A9500010DDBBF1000F02D154EA05030AD0012338
:10A96000069371E70A2200230121ECE7CCFBFFFFED
:10A97000CDCCCCCC002E2FD04FF00A0A129B1399CD
:10A980000D931846FFF74EFE0D9B0C910AFB00F24B
:10A990009A42814620D1DDE91001FFF743FE0E9077
:10A9A0000D9120462946FFF73DFE0D9B0E9A109211
:10A9B000CDE911390C9B1393079BB8F1000F14BF1D
:10A9C000002707F0010701330AFB10485FFA88F8F7
:10A9D000079304460D46D1E7DDF81090079B994494
:10A9E000002F5AD0B8F1050F57D114F001034AD106
:10A9F000069A32B9DDE912239D4208BF94425FD026
:10AA0000069B18194FF00A0445F1000100220126A7
:10AA10002546A04271EB020755D2EBB1B3451BDAD4
:10AA20000B9B6BB1259ADDF828B006EB09031344A4
:10AA3000012BB8BF01239B45A8BF9B465E450BDD9C
:10AA400005304FF00A024FF0000341F10001F6F724
:10AA5000ADF809F10109013E5E45A8BF5E4637B277
:10AA60000FFA89F9059B09FA86F607F10508013EF8
:10AA700098444FF00009B9452CDB059B1A461E602F
:10AA8000099B137100E6069B2BB9DDE912239D4259
:10AA900008BF944209D00123B3E7069B53B9DDE90F
:10AAA00012239D4208BF944204D1089B002BF2D18F
:10AAB000002EF0D0B8F1040F94BF00230123A0E7CB
:10AAC0004FF00408F1E705FB02F7A4FB054201364D
:10AAD0003A449EE70A220023F6F768F8303208F875
:10AAE000012D09F10109C6E7014B5843800C70475D
:10AAF00041340100014B5843000D7047FB2E0B0001
:10AB0000024B5843C00C0130704700BF4F931200F6
:10AB10000A4A70B503464FF0CC3600204FF033356B
:10AB200006FB03F402FB0144A3FB023121449D42D6
:10AB300075EB010401D30130F2E770BDCDCCCCCC74
:10AB40002DE9F04F1A23354EB0FBF3FA03FB1A033D
:10AB500089B004460D4606EB0A1653B9D6E9002320
:10AB6000C1E90023D6E90201C5E9020109B0BDE847
:10AB7000F08F2B4A02EBC303D3E9008904AB0093A7
:10AB8000D6E902234046494602F08AFC06AB009310
:10AB9000D6E9002383460F464046494602F080FC32
:10ABA000DDE9066216EB0B0652EB07084FF00003D7
:10ABB00028BF0123814633B1049B059A013342F13A
:10ABC0000002CDE9043220460391FFF799FF0746C2
:10ABD0001A2000FB0AF0FFF793FF3F1A3246434664
:10ABE00003990097484602F076FC4FEA141C0D4A80
:10ABF000640004F01E0352F82C40DC4004F003040F
:10AC0000241841F10001C5E90041DDE90423009762
:10AC10003046414602F05FFCA6E700BF58DA00006C
:10AC200088D9000080DE00002DE9F04F1A27DFF8F8
:10AC3000E4A000F11905B5FBF7F56F433A1A4FEAA6
:10AC4000051B89B004460E460AEB05150AD1D5E965
:10AC50000023C1E90023D5E90201C6E9020109B0D8
:10AC6000BDE8F08F2C4B03EBC203D3E9008904ABA2
:10AC70000093D5E902234046494602F011FC5AF8F8
:10AC80000B206B68013ACDE9020106A963F10003CC
:10AC900000914046494602F003FCDDE906528A462F
:10ACA00002996D18039952EB01084FF0000328BF79
:10ACB0000123814633B1049B059A013342F100021E
:10ACC000CDE904323846FFF71BFF07462046FFF761
:10ACD00017FF3F1A2A46434600974846514602F05E
:10ACE000FAFB4FEA141C0D4A640004F01E0352F8EC
:10ACF0002C40DC4004F003040134241841F100012D
:10AD0000C6E90041DDE9042300972846414602F0E8
:10AD1000E2FBA2E728DB000088D90000D4DE0000B7
:10AD20002DE9F84320F00043B3F1FF4F044604D966
:10AD30000146F5F7F7FB044605E04FEAD07605D16A
:10AD4000002E40F0C3802046BDE8F8836049884269
:10AD500004DDBDE8F843002000F02AB9002807DA36
:10AD60005C4A934204D9BDE8F843002002F0D2BB0C
:10AD7000594A934271D9594A934251D8584B204667
:10AD800053F82610F5F7CCFB564B53F82670C6F156
:10AD900001030546A3EB060839462846F5F7C0FB34
:10ADA000044621462046F5F7C5FC4F490646F5F70F
:10ADB000C1FC4E49F5F7B4FB3146F5F7BBFC4C49F5
:10ADC000F5F7B0FB3146F5F7B5FC4A49F5F7A8FBB6
:10ADD0003146F5F7AFFC4849F5F7A4FB3146F5F7E6
:10ADE000A9FC01462046F5F79BFB01460646204696
:10ADF000F5F7A0FC8146B8F1000F43D14FF0804138
:10AE00003046F5F78DFB01464846F5F747FD2146EC
:10AE1000F5F786FB01464FF07E50F5F781FB8AE798
:10AE200036492046F5F786FC354B53F82610F5F7E2
:10AE300079FBF5F745FE8046F5F728FC31490646D3
:10AE4000F5F778FC01462046F5F76AFB2E490546E2
:10AE50003046F5F76FFC07469EE7B3F1505F0CD222
:10AE60002A492046F5F75EFB4FF07E51F5F71EFEAE
:10AE700030B14FF07E5120465BE74FF0000890E77D
:10AE800080468EE731464FF08040F5F749FB01469A
:10AE90004846F5F703FD01463846F5F741FB2946DC
:10AEA000F5F73EFB01464FF07E50F5F739FB18F100
:10AEB0007D0F02DB00EBC85445E708F164084FF052
:10AEC000586100EBC850F5F735FC34E700243AE749
:10AED0001772B142B5F1CF421872B13E9115853F5C
:10AEE00030DF000028DF00004CBB31330EEADD35D7
:10AEF00055B38A38610B363BABAA2A3E3BAAB83F12
:10AF000038DF00008071313FD1F71737CAF249713D
:10AF100030F0004270B50146034604D1BDE87040F0
:10AF2000012000F04DB8002803DABDE8704000F0C1
:10AF30004FB8B0F1FF4F02DBF5F7F4FA70BDB0F592
:10AF4000000F2DDA4FF09841F5F7F4FB6FF018027F
:10AF50000346D8157F381044C60F00EBD070C3F3FA
:10AF60001604F5F793FB0546C6F17F0044EAC0508E
:10AF7000F5F786FF0B4906462846F5F7DBFB0A493D
:10AF800004463046F5F7D6FB01462046F5F7CAFAE7
:10AF9000064904462846F5F7CDFB01462046CBE797
:10AFA0000022D6E7DB275435D95BDE3E80209A3E6F
:10AFB00008B1024870474FF0FF407047000080FF23
:10AFC00008B1024870474FF0FF407047000080FF13
:10AFD00008B500F005F8014808BD00BF0000C07FBB
:10AFE00030F000400DD0A0F50003B3F1FE4F0AD3BE
:10AFF000074B421E9A4208D9A0F1FF4358425841DC
:10B00000704702207047042070470320704700BF3C
:10B01000FEFF7F00704708B502F01AF94FF47A720C
:10B02000A0FB020302FB0131C00B40EA4140C90B07
:10B0300008BD02F0A9B870B4056986682B680122C2
:10B040008A4023EA02032B6033684FF4202270BC4D
:10B050001847012303FA01F103691B68194218BF5D
:10B0600082F0010212B18368DB68184783681B69AC
:10B07000FBE7FEF799BA38B5002120EAE0744FF4F7
:10B08000004540F2E7304FF47A720023C4FB05011B
:10B09000F5F78CFDBDE8384002F076B80020704727
:10B0A000704700207047002070477047704721208C
:10B0B000002102F069B8F6F7ABBDF7B58368044626
:10B0C0005E690D4610460AB1FFF7D3FF0DF1060386
:10B0D000F76B002286212046B84794F9593094F93D
:10B0E0005820BDF80610AB4292B24FF0010303FAAC
:10B0F00002F30BBF0B439943ADF80630ADF80610D1
:10B10000F56B0DF10603002274212046A84703B019
:10B11000F0BD90F95830002B03DB00221146FFF7F9
:10B12000CCBF70472DE9FF421C46836805465F6926
:10B13000E2B196B24FF000090291ADF80C6002AB9B
:10B140004A462421D7F83CC0ADF80E90E047E368AA
:10B15000ADF80060C3F380138DF80430FE6BADF8DA
:10B1600002906B464A463C212846B047E36813F0FC
:10B170001D0F05D0FE6B2346002205212846B0474F
:10B180006368002B0CDBFE6B231D00221221284676
:10B19000B047FE6B04F10803002258212846B0474F
:10B1A000FE6B04F10C03002204212846B44604B0CF
:10B1B000BDE8F042604713B500220023CDE900232B
:10B1C00083685B696621DC6B6B46A047DDE90001A3
:10B1D00002B010BD10B483685B69DC6B0023A44629
:10B1E0001A4610BC0321604713B58368ADF80420EC
:10B1F0005B6900910022DC6BADF806206B462521CF
:10B20000A04702B010BD70472DE9F0431E4685B03F
:10B210000A44B6F5445FC2F304440C9FBDF83430D1
:10B220000546884602F07F0201D300F016FF83F442
:10B230000040032801D9002BF7D1910041EA4421B5
:10B2400043EA010403F0030C240A4CEA01018DF8DF
:10B250000C408DF80D10002E50D113B3B3F5004FF4
:10B26000E3D14FEA480868F07E088DF80C8001248D
:10B2700095F87C30002B55D00022214603A8F6F724
:10B280000BFF314602463846F6F706FF2B68009062
:10B290009D6832463B4603A92046A84705B0BDE855
:10B2A000F083002A46D044F040048DF80C4002247C
:10B2B0002B683246D3F8009003A93B462046C84786
:10B2C00095F87C30022BE9D1B8F1180FE6D0214671
:10B2D000002203A8F6F7E0FE314602463846F6F7AC
:10B2E000DBFE002204461821284600F082F8844242
:10B2F000D4D02B6A002BD1D09847CFE75AB9B3F5F9
:10B30000004FB4D0B3B144F040048DF80C40032892
:10B3100012D80224ACE744F040048DF80C40002B16
:10B32000F5D1C4E72B6832465D6803A93B46204649
:10B33000A847B3E70124BBE7FEE71FB58DF80C3043
:10B340009DF818308DF80D3048F20103019303ABDE
:10B3500000930223FFF758FF05B05DF804FB0129B5
:10B3600037B505460C460DD8CB061B0E00930322BD
:10B37000F7234FF4E021FFF7E0FF85F89C40002021
:10B3800003B030BD4FF0FF30FAE707B500290CBF1E
:10B390000023082300934FF001020CBFFF23F72383
:10B3A0001021FFF7CAFF03B05DF804FB13B50024BA
:10B3B0000194049C0094FFF727FF02B010BD1FB555
:10B3C00003AC04230094FFF7F1FF03230020E25CA9
:10B3D000013B02EB0020FAD204B010BD1FB503AB55
:10B3E00000930223FFF7E2FFBDF80C0005B05DF803
:10B3F00004FB1FB50DF10F0300930123FFF7D6FFE8
:10B400009DF80F0005B05DF804FBF0B50C4690F810
:10B41000761090F87E3001F0FD02BDB0012A06469C
:10B4200002AD04F11A0740F0C780032903F00802B7
:10B43000009540F0B480002A00F0AA80E8230022A2
:10B440004FF4F011FFF7B2FF0698C4F81A00BDF8E8
:10B450001C30BB80BDF81430BDF81E20C3F30C03B4
:10B4600063849504C2F30D0348BFA3F580431BB268
:10B470002384BDF82430C3F30B03E38796F87E30B2
:10B48000980700F183800A9820600C989DF82C3072
:10B49000A06023719DF8343023730E98C4F8110016
:10B4A0009DF83C3063759DF82F306371BDF82D30E9
:10B4B000E380BDF83630DB11A4F80D30BDF8313033
:10B4C000A4F80F30BDF83E30DB11E382BDF839300F
:10B4D000238396F87E30590758D4109B23F060439D
:10B4E0006362119B23F00043A362129BC3F310031A
:10B4F000E362139BC3F315032363149BC3F3150388
:10B500006363159BC3F31503A363BDF86430A3877E
:10B510001D9B23F040432364BDF8783063641F9B78
:10B52000C3F31503A364209BC3F31503E364219BBA
:10B53000C3F315032365BDF89430C3F30E03A4F8D9
:10B540005430BDF8A430C3F30B03A4F856302F9B3E
:10B5500023F04043A365BDF8C030E365319BC3F3DE
:10B5600015032366329BC3F315036366339BC3F352
:10B570001503A366BDF8DC30C3F30E03A4F86C30EA
:10B58000BDF8EC30C3F30B03A4F86E303DB0F0BD52
:10B5900013F0040112BF382320230A4650E722B1DA
:10B5A000E82300224FF4C0114CE713F0040112BF4E
:10B5B000382320230A46F5E713F00102009500F036
:10B5C000B1806C2300224FF44021FFF7EFFE1DAB4A
:10B5D000009300226C234FF450213046FFF7E6FE23
:10B5E0000298206004982B79A06023719DF8143094
:10B5F00023730698C4F811009DF81C3063750898F1
:10B60000C4F81A009DF824303B719DF82530BDF830
:10B610001620E3779DF80F306371D211BDF80D301D
:10B62000E380A4F80D209DF816309DF8152042EA1D
:10B630000322A4F80F209DF81F2043EA0223DB1108
:10B64000BDF82620E382BDF81D302383C2F30D032D
:10B65000920448BFA3F580431BB22384BDF8283071
:10B66000C3F30C0363840B9B23F06043636296F87F
:10B670007E30DB078AD50C9B23F00043A3620D9B31
:10B68000C3F31003E3620E9BC3F3150323630F9B05
:10B69000C3F315036363109BC3F31503A363BDF8E2
:10B6A0005030A387BDF86030C3F30B03E387199BC9
:10B6B00023F040432364BDF8683063641B9BC3F3ED
:10B6C0001503A3641C9BC3F31503E3641D9BC3F321
:10B6D00015032365BDF88430C3F30E03A4F854307A
:10B6E000BDF89430C3F30B03A4F856302B9B23F022
:10B6F0004043A365BDF8B030E3652D9BC3F315034C
:10B7000023662E9BC3F3150363662F9BC3F31503B8
:10B71000A366BDF8CC30C3F30E03A4F86C30BDF8BB
:10B72000DC302FE728234FF4402157E770B515464A
:10B7300090F87E20BCB002AB12F0010206460C4627
:10B74000009340D06C2300224FF44021FFF72EFEDF
:10B750001DAB009300226C234FF450213046FFF7BD
:10B7600025FE022D00F28B808DBB0C9BC3F31402CF
:10B77000C3F34953A3820D9B2261C3F310032360DB
:10B780000E9BC3F3150363600F9BC3F31503A36004
:10B79000109BC3F31503E360BDF85030E382BDF89E
:10B7A0006030C3F30B032383BDF8543063839DF8EB
:10B7B00056301B092377179BC3F31503C4F81D30BC
:10B7C00000203CB070BD28234FF44021C7E7012D75
:10B7D0002AD1199BC3F31402C3F34853A382BDF8C3
:10B7E000683023601B9B2261C3F3150363601C9BBD
:10B7F000C3F31503A3601D9BC3F31503E360BDF8FA
:10B800008430C3F30E03E382BDF89430C3F30B031B
:10B810002383BDF88830C3F30E0363839DF88A3019
:10B820001B092377249BC7E72B9BC3F31402C3F3A5
:10B830004853A382BDF8B03023602D9B2261C3F32F
:10B84000150363602E9BC3F31503A3602F9BC3F303
:10B850001503E360BDF8CC30C3F30E03E382BDF8FB
:10B86000DC30C3F30B032383BDF8D030C3F30E03E6
:10B8700063839DF8D2301B092377369B9CE74FF0FA
:10B88000FF309EE713B54FF400440194049C0094EC
:10B89000FFF7BAFC02B010BD1FB5039303AB0093D2
:10B8A0000423FFF7EFFF05B05DF804FB1FB5ADF80B
:10B8B0000C3003AB00930223FFF7E4FF05B05DF803
:10B8C00004FB70B541F4007305460C469BB20022A0
:10B8D0004FF43021FFF7EAFFA3B228460022BDE86B
:10B8E00070404FF43021FFF7E1BF1FB58DF80F30E6
:10B8F0000DF10F0300930123FFF7C4FF05B05DF8BE
:10B9000004FB13B50023044600931A461321FFF7E6
:10B91000B9FF94F87630032B14BF0323012384F876
:10B92000763002B010BD022937B5044615460FD156
:10B9300001230093FF2300221021FFF7FEFC2B467A
:10B9400000221421204603B0BDE83040FFF7AEBF0F
:10B9500000250095FE23EEE770B502230D46002278
:10B960004FF470210446FFF7C0FF45B12046012384
:10B97000BDE8704000224FF47021FFF7B6BF70BDE4
:10B9800070B500222C210446FFF719FD012205465F
:10B990004FF460212046FFF72CFD00222B1A2C21AA
:10B9A0002046BDE87040FFF777BF73B50D4607210D
:10B9B0000446F6F7DDFF4DB900952B462A460221D5
:10B9C0002046FFF75FFF002002B070BD25F00206A1
:10B9D000082E35D006DC012E0ED0042E2BD04FF0D1
:10B9E000FF30F1E7102EFAD12046F7F74DF900238A
:10B9F00000931A46062103E0002300931A4604210F
:10BA00002046FFF73FFF032244212046FFF7F1FCC9
:10BA10000307D8D5002300931A4619462046FFF79E
:10BA200031FF15F00203DAD100931A4602212046B5
:10BA3000FFF728FFD3E7002300931A460A21DFE728
:10BA40002046FFF79DFF002300931A463146D7E7B3
:10BA50001FB5ADF80E3048F20203019303ABADF809
:10BA60000C20009300220423FFF7CEFB05B05DF805
:10BA700004FB1FB5CDE9022348F20303019302AB97
:10BA8000009300220823FFF7BFFB05B05DF804FB1D
:10BA900038B502210546F7F7EDFA012104022846E0
:10BAA000F7F7E8FAA4B2C0B2204338BD10B50221BE
:10BAB0000446F7F757FC20460121BDE81040F7F790
:10BAC00051BC2DE9F0411F4604460E461546FFF7CE
:10BAD000E5FA022F804626D1334600223C2120463B
:10BAE000FFF7DAFE2B46002240212046FFF7D4FE66
:10BAF00000223C212046FFF762FC0022034644213D
:10BB00002046FFF7C9FE002240212046FFF757FCE0
:10BB10000022034648212046FFF7BEFE4046BDE80E
:10BB2000F041FFF7BDBA012F0ED133464FF0FF327F
:10BB30003C212046FFF79DFF2B464FF0FF3240216E
:10BB40002046FFF796FFD3E70023F2433C2120462F
:10BB5000FFF78FFF0023EA43F1E7A1F11003B3F5EC
:10BB6000FE6F10B5044604D84B0714D04FF0FF30D9
:10BB700010E0B1F5805FF9D1002301222821FFF701
:10BB8000B4FE4FF440536FF4704224212046FFF777
:10BB900070FF002010BDC9084B1E9BB20122282156
:10BBA000FFF784FEF5E708B513460A464421FFF780
:10BBB00060FF002008BD70B400242546072621FA46
:10BBC00004F3DB0744BF04EB440306FA03F304F178
:10BBD000010448BF1D43092CF1D105EA02034FF4CB
:10BBE000A021EA4370BCFFF744BF90F8713013B353
:10BBF0000229C3F3011203F00F0312D00D2B09D851
:10BC0000023343EA0213D9B280F872104FF48670FF
:10BC1000F6F730BA032A0ED00132D2B2083BDBB2BB
:10BC2000EFE7022B05D9032A05D00132D2B2033B3C
:10BC3000F5E70733E5E77047836800EBC101B3F52B
:10BC4000004F2CBF51F8220031F81200704700EB72
:10BC5000C1018068B0F5004F2CBF41F8223021F8B7
:10BC60001230704708B50122FFF7E6FFD04008BD4B
:10BC70008368B3F5004F00EBC10108D34B681AB1DC
:10BC800043F001034B60704723F00103FAE74B8850
:10BC90001AB143F001034B80704723F00103FAE728
:10BCA00053000122FFF7D3BF8368B3F5004F34BFC1
:10BCB00004230823481C0833A0EBD300B0FA80F01B
:10BCC000C0F11F0070472DE9F0410D46866804461B
:10BCD000FFF7C8FFB6F5004F014601D3012832D067
:10BCE0002046FFF7E1FF04EB80010E6996B9E36897
:10BCF000012282401343E36002220D612B46294654
:10BD00002046FFF7A4FF032229462046BDE8F04164
:10BD1000FFF79DBF022231462046FFF78DFF2946DF
:10BD2000034607462046FFF792FF03223346294683
:10BD30002046FFF78CFF39462B462046FFF787FF4A
:10BD400002223146E1E7BDE8F081B2F5802F2CBF39
:10BD500008230423D21A2DE9F0418C18CD1D25F0BB
:10BD6000070524F00704641B0026E408056021464B
:10BD7000AC60EE602846FFF797FF421D920001304D
:10BD800002F107074FEAD707A2F110023146B8BF08
:10BD9000324605F1100001F06CFA3A463146284669
:10BDA000FFF77EFF3346324631462846FFF74FFF06
:10BDB000A4EB0708284631460122FFF759FF424607
:10BDC0003946FFF76DFF3B46324639462846FFF7B6
:10BDD0003EFF21462846FFF763FF43463246214691
:10BDE0002846FFF734FF214628460122FFF740FF8F
:10BDF0003946BDE8F041FFF766BF002070470FB439
:10BE000007B504A951F8040B0191FAF765FA03B0DC
:10BE10005DF804EB04B07047038B13F0070305D102
:10BE20000368002B0CBF002003207047022B05D1B4
:10BE3000408BB0FA80F0400980007047012B05D19B
:10BE40000368002B0CBF00200520704700207047BE
:10BE500010B50C4600B111B96FF0150010BD081DEA
:10BE600000F093F80028F9D1A368032BF6D9F3E783
:10BE70002DE9F0410D4607461946281D90461E46FD
:10BE800000F094F8044638B1334642462946384615
:10BE9000A446BDE8F0416047BDE8F08110B4EFF37F
:10BEA0001182202484F31288BFF36F8F416110BC8C
:10BEB0000121FAF743BA38B50C46054658B151B1DD
:10BEC0000B6843B14B6833B11C22002101F0D1F95A
:10BED0002C61002038BD6FF01500FBE770B50546FA
:10BEE0000E46FFF7B5FF041E14DBEFF3118220238B
:10BEF00083F31288BFF36F8F6B8B2C8B4FF6FF7120
:10BF00008B4204F0070407D182F31188BFF36F8FCF
:10BF10006FF00A04204670BD022C0CD101336B83F4
:10BF200082F31188BFF36F8F0023224631462846E3
:10BF3000FFF79EFFEEE7062C14D8DFE804F00413A9
:10BF40001313041A0400002333606B683BB9C5E97E
:10BF50000066ACB902212846FAF7F0F9DAE71E606C
:10BF60006E60F6E782F31188BFF36F8F6FF0040401
:10BF7000D0E782F31188BFF36F8F6FF08504C9E7B4
:10BF800082F31188BFF36F8FC4E7034658B142684C
:10BF900002F00302012A03D0032A04D1026812B17D
:10BFA0000020986070476FF015007047426881600C
:10BFB00002F00302032A4FF0000203460CBF0068A0
:10BFC00010465A607047704701F053B901F043B909
:10BFD00001460068FAF7FCBA08B5FAF729FBBDE894
:10BFE0000840FAF749BB00210120FAF7F1BA6FF0D7
:10BFF0008500704761B662B680F31188BFF36F8F1A
:10C00000704772B6002383F31188BFF36F8FBFF3BD
:10C010004F8F30BF62B6BFF36F8F704772B6002389
:10C0200083F31188BFF36F8FBFF34F8F20BF80F36F
:10C030001188BFF36F8F62B67047202809D9B0F11D
:10C04000004F08D80138B0FA80F0C0F11F0040005E
:10C050007047082070473E20704708B5FBF74EF840
:10C0600008B5FBF737F8002008BD0369C9B20C22F8
:10C0700001FB0233186C00F00700704770B5C9B2BD
:10C080000369EFF31185202484F31288BFF36F8FC7
:10C090000C2606FB0134246C14F0C00408D0A24224
:10C0A00006D085F31188BFF36F8F4FF0FF3070BD5E
:10C0B00006FB013301221A6485F31188BFF36F8FE9
:10C0C000436803EBC1035B6898470020EFE78022D9
:10C0D000FFF7D4BFF8B5069F0469C9B2EFF3118624
:10C0E000202585F31288BFF36F8F0C2505FB0144D3
:10C0F000256C05F0070CBCF1010F0CD1276486F309
:10C100001188BFF36F8FC4E90E23436853F83130B1
:10C1100098470020F8BD05F0C005AF4286F31188AE
:10C12000BFF36F8F0CBF6FF077004FF0FF30F1E778
:10C1300013B580240094FFF7CDFF02B010BD10B4FA
:10C140000069CBB21C2403FB0400002110BC104783
:10C150001046FCF72DBF00F00DBBFCF757BA436843
:10C160005B68D3F810350B600020704743685B684C
:10C1700002EA010021EA0201C3F80805C3F80C1520
:10C180000020704743685B680020C3F808157047BB
:10C1900043685B680020C3F80C15704743685A6811
:10C1A000D2F8043521EA03000B40C2F80805C2F8B2
:10C1B0000C350020704710B503695868F8B1884203
:10C1C00019D19C6808685860A14200D1986000208D
:10C1D00008602AB15A680A609A68596002B9996081
:10C1E000002010E0814206D10868206098688142F2
:10C1F000EDD19C60EBE7044600680028F2D1002AEC
:10C20000E8D16FF0150010BDFCF714BB30B54368E2
:10C210001360057A446804EBC504A34202D36FF0AF
:10C22000010030BD5C798C4201D00833F0E700207A
:10C23000F7E7002201212320FAF732BD0022012175
:10C240002F20FAF72DBD10B50B6813B913601846EF
:10C2500005E003685C681CB114600368186810BDD1
:10C26000083303600B68013B0B60EDE713B501AACF
:10C270000446FFF7CBFF002805DB019B22681979F4
:10C280001868FBF7BFFA02B010BD03460A46006803
:10C290001979012303FA01F103691B68194218BFD8
:10C2A00082F0010212B18368DB68184783681B695A
:10C2B000FBE710B504460068D0B1037DC3B149B1B6
:10C2C00001210830FFF7E1FF23681869BDE810403D
:10C2D00000F0ADBE12B98388DB0409D4006900F018
:10C2E000A6FE20680021BDE810400830FFF7CDBF52
:10C2F00010BD10B5012200210446FFF7DAFFA36943
:10C3000033B9636004F11000BDE81040FCF750BE83
:10C3100010BD10B50069C36A8B420AD1826A93428C
:10C320000AD190F8844054B92830FFF7E2FF204644
:10C3300010BD6FF07700FBE76FF01500F8E76FF0C6
:10C340000F00F5E72DE9F843446806690121054629
:10C35000606BFFF78BFFE16B481C17D1E36A9847CE
:10C36000346B01270834D6E90C3203EBC203A4F185
:10C370000802934214D806F12800FFF7BAFF6B6851
:10C380000021586BFFF772FF002007E0A06B00F060
:10C3900003F910F1130F01D0411DDFD1BDE8F8837F
:10C3A00054F8080C00F05FFE28B354F8080C14F899
:10C3B000041C34F8023CD0F810E0D0F80890DEF805
:10C3C00000C0DA0754BF43F4B01383F4D01323F44E
:10C3D000801207FA01F8DB074CBF48EA0C032CEA8D
:10C3E0000803CEF80030D9F800309847002804F14F
:10C3F0000804B8DAD2E76FF01200CFE738B5056964
:10C400000446A96505F14800FCF7D2FD002285F835
:10C41000842020691146BDE838402830FFF749BF25
:10C42000F0B504694568226FA36F85B006467ABBF4
:10C43000002B4ED02D8EE06E676F9D4228BF1D46AB
:10C44000636F5BB1A26F4AB107F06042B2F1005F67
:10C4500004D0082DD4F88C7028BF0825E26EC4F8EB
:10C4600080501AB1226F002A18BF2A4601921BB1D0
:10C47000A36F002B18BF2B46009069460022204670
:10C480000393029700F000FD014618BB05B0F0BD14
:10C49000E16E676F2D8E0846BBB1934228BF1346ED
:10C4A0009D4228BF1D460029CAD001F06043B3F168
:10C4B000005FC5D0082D28BF0825D4F888002A467B
:10C4C00000F0C9FED4F88800BAE7954228BF1546A7
:10C4D000E9E71946304605B0BDE8F040FFF78EBFEA
:10C4E00038B502780346002A55D10C69D4F880206B
:10C4F00032B9E06F6FF07301BDE83840FFF77EBFDF
:10C50000606F48B1A16F39B1DB682BB1834203D0B2
:10C51000D4F88C1000F09FFE236FD4F880509BB1AC
:10C520009D4211D85B1B23674BBBE36D0833E3656A
:10C53000236E013B236604F1700204F1600104F1F3
:10C540005C00FFF780FEE066A36F9BB19D4211D8AF
:10C550005B1BA367CBB9636E08336366A36E013BB5
:10C56000A36604F1780204F1680104F16400FFF7A6
:10C570006AFE6067E06FBDE83840FFF751BFE36EC9
:10C58000002BE1D02B44E366DEE7636F002BF1D094
:10C590002B446367EEE738BDF0B587B001238DF813
:10C5A000023002238DF804306B4403930E4601AB36
:10C5B0000DF1030100270546029104930597FCF74E
:10C5C0002DF9041E0BDB03AA3146284600F0F1F9D1
:10C5D000041E07DA9DF803102846FCF719F92046D7
:10C5E00007B0F0BD3C46FAE7F8B50C46054600F04A
:10C5F000A0FB002221460646284600F045FB032109
:10C600002046FBF78BFC00F023F807462B689B596C
:10C6100053B100262146284600F089FB204601211F
:10C62000FBF77CFC3046F8BD00F012F8C01B062872
:10C63000ECD96FF07306EDE700F150039B009BB25D
:10C6400003F1804303F5883300221A601B687047AA
:10C6500008B5FBF7F9FC08BD03460020184700F0B9
:10C66000E6BC10B502461168B1B1BFF35B8FB1FAF9
:10C6700081F3C3F11F000123834021EA030352E841
:10C68000004F8C4204D142E8003CBCF1000FF6D1CF
:10C69000BFF35B8FE7D110BD6FF00B00FBE710B568
:10C6A0000368CB40DB0714D401238B400268BFF33F
:10C6B0005B8F43EA020150E8004F944204D140E806
:10C6C000001CBCF1000FF6D1BFF35B8FEED1002050
:10C6D00010BD6FF01500FBE710B1012802D07047C4
:10C6E000FBF794BFFBF74CBF18B1012803D100F052
:10C6F00026B800F03FB8704708B5FBF75DFFBDE80E
:10C700000840FBF7C3BF38B54FF080440123C4F89D
:10C71000083363600023C4F80031D4F8003142F2DA
:10C720001075D4F80C24D4F80C34D20306D5DB07EA
:10C7300004D50120FFF793FF013DF2D138BDFFF78B
:10C74000E2BF38B54FF080440223C4F80833012318
:10C75000E3600023C4F80431D4F8043142F21075C8
:10C76000D4F81834DB0304D50120FFF778FF013D2E
:10C77000F6D138BDFFF7E5BFF7B5019001A8DDE9B7
:10C78000084716461D46FBF7B9FF019BB6F1000CA2
:10C7900018BF4FF0010C00EB83000B1E18BF0123E4
:10C7A000002D43EA4C0314BF4FF00C0C4FF0000C6B
:10C7B000002C43EA0C0314BF4FF4E06C4FF0000C64
:10C7C000002F43EA0C03D0F8002714BF4FF4403C7D
:10C7D0004FF0000C43EA0C0322EA030301B109788D
:10C7E0000EB13678760019430DB12D78AD00314386
:10C7F0000CB12478240229430FB13F783F040C4345
:10C800003C43C0F8004703B0F0BD1FB50DF10F0366
:10C81000019300238DF80F1000931A461946FFF775
:10C82000ABFF05B05DF804FB10B504460846FBF706
:10C8300075FF04EB4004A08AC0F3401010BD10B592
:10C8400004460846FBF76AFF04EB4004A08AC0F3E5
:10C85000400010BD10B504460846FBF75FFF04EB2F
:10C860004004A08A400B10BD70B504460846164629
:10C87000FBF754FF08300D4634F81030DA0509D5BF
:10C88000C3F3432304EBC302314654F833305268F8
:10C8900028469847A3682BB1E26831462846BDE890
:10C8A0007040184770BD10B504460846FBF736FFC8
:10C8B00000B204EB4000838ADA051DD5C3F343219F
:10C8C00023F4F853838204F1120204F1660032F873
:10C8D000023F13F4807F03D0C3F3432399420BD06C
:10C8E0008242F4D104EBC10300225A6004F16C00CF
:10C8F000BDE81040FFF7D3BE10BD10B50446FFF7EA
:10C9000093FF40B12046FFF7A5FF00B2800000F57D
:10C91000807080B210BD4FF4BE70FBE7F0B50346E7
:10C9200000F58074002005460127844695420AD10F
:10C93000D3F87C2132B10022C3F87C21D3F87C31BA
:10C9400040F00040F0BD25F0404607FA06F63142BF
:10C9500009D0D4F800E0BEF1000F04D0C4F800C044
:10C96000D4F800E0304301350434DFE738B504463D
:10C970000D46FFF759FFB0B12046FFF760FF90B9B1
:10C980002046FFF767FF226801238340C2F808337F
:10C99000236800B203EB8003D3F8102522F00302D2
:10C9A000C3F8102538BD28460021BDE83840FFF700
:10C9B0002CBF2DE9F043174685B004460846FBF727
:10C9C000ADFED7F800800E460546B8F1000F1FD027
:10C9D0002046FFF734FF18B12046FFF725FF30BB94
:10C9E0000023CDE900338DF80E308DF80F300DF1B6
:10C9F0000F0243460DF10E013046FFF7BDFE2AB28D
:10CA000004EB4202938A23F0020343F00103938272
:10CA10007B68002B34D03146204693F80080D3F851
:10CA20000490FFF70CFF28B1B9F1000F1FD06FF091
:10CA3000150028E028B204EB4000838A23F4604309
:10CA400023F020038382B9F1000F10D0B8F1030F57
:10CA5000EDD87B6821685B6893F800C001EB8C011E
:10CA6000B8F1000F12D1C1F81085C1F810852AB2B3
:10CA700004EB4202938A23F01C0343EA8803938267
:10CA8000BB684BBB002005B0BDE8F083D1F8102592
:10CA900022F00302C1F81025226802EB8C03D3F8C0
:10CAA000102522F44F3222F44072C3F810253202CE
:10CAB000D3F8101502F47C5242EA08420A43C3F844
:10CAC000102504EB4C03A3F87060838A43EA4C33CF
:10CAD00043F020038382CAE7D3E900783146204639
:10CAE000FFF7E1FE002FCDD063689F4206D004F12E
:10CAF0006C00FFF7B6FD002804DAC4E7A368984588
:10CB0000F5D1002004EBC003C3E901782DB204EB9A
:10CB10004505C0B2AB8A43EA402343F48073AB823D
:10CB2000B0E72DE9F043054685B0084617461E4696
:10CB3000FBF7F4FD0C46804637B32846FFF77FFE2F
:10CB400018B92846FFF770FE28BB0FFA88F905EBE5
:10CB50004909B9F8143013F01C0F02D07B78012B6F
:10CB600019D001238DF80F300023CDE900737A1C12
:10CB7000BB1C0DF10F012046FFF7FEFDB9F8143084
:10CB800043F00303A9F81430002E41D02146284673
:10CB9000FFF755FE20B96FF0150005B0BDE8F08332
:10CBA00037782B6803EB87030022C3F81025C3F8FE
:10CBB00010250FFA88F205EB42024FEA870C938AA0
:10CBC00023F4604323F020039382707800B3296834
:10CBD000B67861440004D1F8103523F4991323F496
:10CBE000F853C1F81035230200F4403003F47C53AD
:10CBF00003433005D1F8105500F4801003432B4354
:10CC0000C1F81035938A43EA473343F020039382F7
:10CC10000020C2E7C0E90312704770B5044615460C
:10CC2000FFF702FE48B10846FBF778FD04EB40042D
:10CC30000020A38A5B0B2B7070BD6FF01500FBE723
:10CC400038B590F8804005469CB9542221461430EE
:10CC500000F00FFB2868C0F87C41D0F87C3140F32D
:10CC60000730F9F7EDFF012385F88030EB662046A9
:10CC700038BD6FF07700FBE790F88000003818BFF0
:10CC800001207047FBF786BD2DE9F34104461746A6
:10CC9000FFF7CAFD0D46266800B32046FFF7CFFD1B
:10CCA0008046D8B92046FFF7D5FD05B2AD0005F5A1
:10CCB000807246F802802168B2582944D1F81025C4
:10CCC00042F00102C1F810252FB12168012202FAB9
:10CCD00000F3C1F8043302B0BDE8F081D6F80433A4
:10CCE000002BA4BF4FF00043C6F804332846FBF7DF
:10CCF00015FD04EB4004A38AC3F38203042B12D076
:10CD0000052B12D001A80195FBF7F8FC019BD0F888
:10CD10001015D94001F001010231284602B0BDE8EA
:10CD2000F041FFF772BD0321F7E70221F5E7FFF7B6
:10CD30001DBEFFF7E2BD70B5A2F58074A408012600
:10CD400006FA04F4054614EA010008D0A85830B1E8
:10CD50000021A950AA581A6822431A60304670BDB3
:10CD60002DE9F341002304460D460193904601ABA3
:10CD70004FF4A672FFF7DFFF4FF482722946204678
:10CD8000FFF7D9FF4FF48C72074629462046FFF77C
:10CD9000D2FF064630B1B8F1000F1DD017B1D4F85C
:10CDA0003C353E4601AB4FF4887229462046FFF7DA
:10CDB000C2FF30B1B8F1000F03D016B90FB1D4F8EB
:10CDC0003C3501AB4FF4907229462046FFF7B3FF84
:10CDD000019802B0BDE8F0814646E3E707B501904F
:10CDE00001A8FBF70FFE019A01239340C0F8083514
:10CDF00003B05DF804FB07B5019001A8FBF702FE44
:10CE0000019A01239340C0F80C3503B05DF804FB90
:10CE100070B54B7F04460D467BB101234361642608
:10CE2000002202212046FFF79BFF20B90120FFF7D7
:10CE300016FC013EF4D100236B77AB7F5B0744BF48
:10CE40000023C4F8003570BD38B504461D4694F87B
:10CE500020309BB979B14869FBF7E4FD88B1C4E99A
:10CE600001252046FBF736FE0020012384F821002F
:10CE700084F8203038BDC4E90125F5E76FF077006C
:10CE8000F8E76FF01500F5E7F0B590F8213085B0C0
:10CE900004460E461746002B40F09F8043682BB196
:10CEA00012F0140F04BF012380F8213096E80F0020
:10CEB00004F1100585E80F00606A421C05D094F863
:10CEC00022309B0717D5FFF789FF3368256823B108
:10CED00003F06043B3F1005F06D1B36873B103F0B0
:10CEE0006043B3F1005F09D0002384F821306FF074
:10CEF0000C0005B0F0BDFFF77EFFE6E717F0010379
:10CF000018BF0123C5F8503517F0020318BF0123DD
:10CF1000C5F8403596E80F00EC468CE80F00039BFF
:10CF2000C5F84405C5F84815C5F83425C5F83835A1
:10CF30000023C5F8183117F01C0FD5F8183128D187
:10CF4000D5F80035073B18BF012394F8222063F37E
:10CF50008202072384F8222017F0080FC5F8003555
:10CF6000636818D101222A6143B9D5F81831002B22
:10CF7000FBD0624640212846FFF7F2FE636813BBF0
:10CF8000606A461C12D1211D2846FFF741FF002090
:10CF9000AFE70123D9E7B3B9606A411CF7D094F831
:10CFA00022309A070CD5FFF726FFF0E794F82230DD
:10CFB0009B0702D5FFF71FFFE5E7FFF70FFFE2E74B
:10CFC000FFF70CFFE3E717F0040F4FF0400314BF27
:10CFD000C5F80833C5F80433D9E76FF00F0088E7C8
:10CFE00070B50246044652F8105B40212846FFF710
:10CFF000B7FED8B1606A421C05D094F822309B0776
:10D0000011D5FFF7F8FE94F821301BB1211D2846F9
:10D01000FFF7FEFE2046002300F80C3FD4E9013163
:10D02000BDE870401847FFF7D9FEECE770BD08B1C6
:10D03000FAF790B8704710B5436904463BB9002031
:10D04000E268537843F001035370404210BD9847A3
:10D050000028F4D00028B8BF4042E368FF28A8BFEA
:10D06000FF201870ECE740B1C368587810F0010059
:10D070001EBF1878B0FA80F040097047EFF31183B3
:10D08000202383F31288BFF36F8FFEE708B5FFF705
:10D09000F5FF08B52024EFF3118384F31288BFF362
:10D0A0006F8FFEF7AEFFF6E7EFF30580003818BF8D
:10D0B00001207047D0E9003213605A600023C0E9B4
:10D0C0000033704708B5FFF7F5FF437B23F00203F9
:10D0D00043730023836008BD38B504460D46FCF752
:10D0E000DBF8637B43F002036373E5B1A5602B6853
:10D0F0009D4209D16B68C4E900531C606C6012E06A
:10D100006A689A42F6D01B68002BF3D094F90E207F
:10D1100093F90E108A42F3D09142F1DD5A68C4E9C6
:10D12000003214605C6038BD10B5EFF31184202329
:10D1300083F31288BFF36F8FFCF76CF884F31188C8
:10D14000BFF36F8F10BD10B50146EFF3118420239C
:10D1500083F31288BFF36F8F437B13F0280F0AD13C
:10D1600083680BB1FFF7AEFF4B7B23F004034B73D7
:10D170000846FCF74FF884F31188BFF36F8F10BD9A
:10D1800001211838FFF7DFBF70B505460E46FCF7E2
:10D19000CFF9B6F1FF3F08BFB5F1FF3F044628467F
:10D1A00012D04FF47A7147F6FF730022C4FB0132AC
:10D1B000D80B40EA4240B0F1004F4FEAD23272F150
:10D1C000000228BF6FF0004070BD08B50246FCF7B2
:10D1D00075FB70B1D0E904319B1A61EBE272B3F1D7
:10D1E000004F72F1000104DA002AACBF184600209B
:10D1F00008BD6FF00040FBE738B50246EFF311853C
:10D20000202383F31288BFF36F8F0368CBB1FCF741
:10D2100055FB04461046FCF763FB00224FF0004329
:10D220008442C0E9042306D1FCF750FBFFF7CDFF91
:10D230000021FBF775F8002085F31188BFF36F8F8D
:10D2400038BD6FF01500F7E708B5FCF755FC08BDD1
:10D25000FCF752BC70470A44914200F1FF3300D101
:10D26000704710B511F8014B03F8014F9142F9D105
:10D2700010BD02440346934200D1704703F8011BDE
:10D28000F9E710B501390244904201D1002005E0D0
:10D29000037811F8014FA34201D0181B10BD0130D3
:10D2A000F2E710B50139044632B111F8013F00F838
:10D2B000013B013A002BF7D10021FFF7DAFF2046AE
:10D2C00010BD10B5024601448A42134603D01C78B3
:10D2D0000132002CF8D1181A10BD2DE9F047C3F126
:10D2E0003709074688465FFA89F903F01F05164695
:10D2F0004FF0000A384641462A465346F3F756FC9B
:10D30000D4B2092C88BF4C443A46434688BFE4B2A5
:10D31000AA4204F1300473EB0A0306F8014B0746F6
:10D320008846E7D23046BDE8F0872DE9F04F87B058
:10D330000618994602AB41EB0104009315463046AE
:10D34000D2E900232146DDF844B000F0A9F804AB8F
:10D350000093D5E90223074688463046214600F06F
:10D360009FF8DDE90263841951EB0306049BD5E9BC
:10D3700000014FF0000228BF0122D218059B43F1A3
:10D380000003381848EB0101B84271EB0801D5E9F8
:10D3900002C134BF0120002014EB0C0C46EB01014C
:10D3A00010EB0C0041F10001A04271EB060C34BF00
:10D3B0004FF0010C4FF0000CCDE90423A9F1410A14
:10D3C0001CEB020243F10003CDF800A000F083F84B
:10D3D000109BC3E90001129B012BDDE9042329D135
:10D3E000D5E90201D5E900C5201A66EB01016745C0
:10D3F00078EB050534BF01250025401B61F10001D4
:10D40000844276EB010534BF01250025521BCDF87F
:10D4100000A063F1000300F05EF8DDE90423CBE92E
:10D420000001CDF800A02046314600F054F807B0C6
:10D43000BDE8F08F17EB070E48EB080C201946EB00
:10D440000601BE457CEB080834BF01270027C71939
:10D4500041F10008D5E9000186457CEB010CD5E9D6
:10D46000021534BF01200020381A68F1000C401A60
:10D470006CEB050192185B41A74278EB060534BFBF
:10D4800001250025521943F10003874278EB01087A
:10D4900034BF01250025521BA9F140050095B8E7CE
:10D4A000F0B50F460446A0FB0201A7FB0252491942
:10D4B000A3FB044542F10002A7FB0373611845F189
:10D4C0000004D219059E43F10003121943F1000331
:10D4D000C6E90023F0BDF0B5059CC4F14007C4F1D6
:10D4E000200602FA06F6A4F12005BB4022FA05F553
:10D4F0003343C4F120062B4301FA06F6A4F12005BC
:10D50000E04021FA05F53043BA402843E14010439A
:10D510001943F0BD10B14FF0004070470020704734
:10D520002DE9F0410446CD0FC1F30A50C1F31301B8
:10D5300054EA0107157140F2FF7607D0B0420CD1D2
:10D5400045F0080515710020BDE8F081002863D082
:10D55000B0425ED145F00405F4E7002859D101201E
:10D56000A0F2FF30002B106059DB0C2B59DCC3F10B
:10D570000D05AD00012005F1FF3CA5F12107C5F126
:10D58000210620FA06F600FA07F700FA0CF03743F6
:10D59000061847EB0708D6F1000E68EB480C013E71
:10D5A00048F1FF38264008EA0108B04277EB080846
:10D5B0000FDBC5F12008B5F1200601FA08F824FABE
:10D5C00005F545EA08055CBF41FA06F63543ED0767
:10D5D00003D52018044641EB070104EA0E0401EAD2
:10D5E0000C019DF81860123218460D25C6F1270669
:10D5F0004FF0300E04F00F03240944EA017405F1E2
:10D60000FF3C0911571EB3B9A8420CDA65463A46E9
:10D61000F0E741F48011A3E704460146A2E70023A6
:10D62000DFE70D23DDE782F800E01CF1010365462A
:10D630003A46DFD188E7092BC8BF9B193033A8428F
:10D640001370B8BF2846F0E7014800687047000033
:04D65000DC050020D5
:08D654008C35FF7F010000008E
:10D65C003D7100000000000000000000B4D6000086
:10D66C0000000000ECD6000000000000D0D6000046
:10D67C000000000008D700008974000000000000C2
:10D68C00BD810000000000001971000000000000C6
:10D69C000000000024D700000000000040D700006C
:08D6AC006565000000000000AC
:10D6B40048E8000030DD000008D900001002002016
:10D6C40010060020ED7100000000000057E8000083
:10D6D40040DD0000DCD800001202002064060020B7
:10D6E400297600000000000065E8000054DD000019
:10D6F400DCD8000014020020700600202976000007
:10D70400000000007BE8000068DD000024D9000070
:10D71400160200209C000020117A00000000000086
:10D7240089E8000088DD000000D90000180200200C
:10D73400A400002045C300000000000096E800009B
:10D74400F4DD000000D900001A020020340100209A
:08D7540045C3000000000000C5
:10D75C00F9C6000059C6000000000000E7BF000039
:10D76C0000000000E7BF000000000000E7BF000061
:10D77C0000000000E7BF000000000000E7BF000051
:10D78C001800002009C2000000000000E7BF0000E4
:10D79C0000000000E7BF000000000000E7BF000031
:10D7AC0000000000E7BF000000000000E7BF000021
:10D7BC0000000000E7BF000000000000E7BF000011
:10D7CC0000000000E7BF000000000000E7BF000001
:10D7DC0000000000E7BF0000000000004D820000C8
:10D7EC0000000000E7BF000000000000E7BF0000E1
:10D7FC0000000000E7BF000000000000E7BF0000D1
:10D80C0000000000E7BF000000000000E7BF0000C0
:10D81C0000000000E7BF000000000000E7BF0000B0
:10D82C0000000000E7BF000000000000E7BF0000A0
:10D83C0000000000E7BF000000000000E7BF000090
:10D84C0000000000E7BF000000000000E7BF000080
:10D85C0000000000E7BF000000000000E7BF000070
:10D86C0000000000E7BF000034010020E1CF000001
:10D87C0000000000E7BF000000000000E7BF000050
:10D88C0000000000E7BF000000000000E7BF000040
:10D89C0000000000E7BF000000000000E7BF000030
:10D8AC0000000000E7BF000000000000E7BF000020
:10D8BC0000000000E7BF000000000000E7BF000010
:10D8CC0000000000E7BF0000A4000020E1CF000032
:10D8DC00657600005FC100006DC1000085C10000CD
:10D8EC0091C100009DC10000D9740000B7C10000B7
:04D8FC000000000028
:08D90000CD7B000013C3000001
:10D9080045720000CFC0000031C1000000000000D7
:0CD918006BC000000000000000000000D8
:0CD9240061790000957900008579000011
:10D93000040000000F0000000100000008000000CB
:10D940002000000060000000700000000D000000DA
:10D950000C0000000E0000005000000074000000E9
:10D96000A8000000FFFFFFFFFFFFFFFFFFFFFFFF1B
:04D97000FFFFFFFFB7
:10D980000338FDD8704700000100000000000000CF
:10D990000500000000000000190000000000000069
:10D9A0007D00000000000000710200000000000087
:10D9B000350C000000000000093D000000000000E0
:10D9C0002D31010000000000E1F50500000000001D
:10D9D00065CD1D0000000000F90295000000000068
:10D9E000DD0EE90200000000514A8D0E000000002B
:10D9F0009573C24800000000E941CC6B01000000B3
:10DA00008D49FD1A07000000C16FF2862300000057
:10DA1000C52EBCA2B1000000D9E9AC2D78030000EE
:10DA20003D9160E45811000031D6E275BC5600000B
:10DA3000F52E6E4DAEB10100C9EA26836778080065
:10DA4000ED95C28F055A2A00A1EDCCCE1BC2D300A2
:10DA500025A4000A8BCA2204000000000000000078
:10DA600000000000000000100000000000000000A6
:10DA7000B9340332B7F4AD1410DB1AB30892540E64
:10DA80000D307D951447BA1A66088F4D26ADC66DC8
:10DA9000F598BF85E2B74511CA96853D92BD1DEB4D
:10DAA000FCA11860DCEF52163C92AE220BB8C1B458
:10DAB000839D2D5B0562DA1C304C7E8F4E8BB25BF2
:10DAC00016F4529F8B56A512FBD4827643ED8AF052
:10DAD0008FE7F9311565191850F19BD94A13EEB447
:10DAE000284CF0A686C1251F035FC270CB9E491645
:10DAF000E642889C44EB2014B0650836AD6EA585DF
:10DB000085F0CA14E2FD031A0B899979D5B13D0954
:10DB1000D8DA973A35EBCF10AC363F5E73BB38CFCF
:10DB20003E6752FA44AFBA15010000000000000041
:10DB30000000000000000020345065C05FC9A652FC
:10DB4000BB13CBAEC440C21806C8DF7100D5A87C99
:10DB5000F56F0FDA58FC27136E4756357D24206584
:10DB600002C7E768E48CA41DE9E60268D7CD3961F5
:10DB70007977FCC2405BEF16798CDE43FFA751F941
:10DB800091F3B278F5BDBE11E857E9D6E8BEE87B5F
:10DB9000B054AC8F848D751BEA23A499E9F9D38B1B
:10DBA000B7A3714061DA3E15CEE33ECB73F9480866
:10DBB0008C97B427D51B7010A2BFEFB9EB85321537
:10DBC0004DB44DB49BBB6F1996B6076CF8E7EEAD3C
:10DBD00036D9B4F59135AE13222218AF4E6A684D8E
:10DBE00091DAAA3D4F40741E9FBD9EE006A1C098E9
:10DBF00057C2A7FDA40E90170E7D497173E3208FC5
:10DC0000B220D87605143B12853D7434811343B09D
:10DC1000AD297A5F27F4351C40420F000601000051
:10DC200000000000000000000000000000000000F4
:10DC3000000000001203CADE0FFFFFFFEEE100004C
:10DC4000F5E1000094DC000050DC0000021908003F
:10DC50001D61000007B2000025B100004D1D00004D
:10DC6000D5B10000B7B10000E9B10000000000002C
:10DC7000154000000000000085B80000ADB30000B2
:10DC8000A7BB00008BB30000C3BA000071460000C0
:10DC90009D290000B54100005928000025370000EB
:10DCA0008D240000192E0000512C0000992E000038
:10DCB00081380000C3BA0000ABB900008D440000F9
:10DCC00009B20000714600009D29000039220000C1
:10DCD00000000000E4DC0000AFB000000000002005
:10DCE00001000000991C0000111C0000B7B00000EA
:10DCF000ABB00000ADB0000000000020000000004C
:10DD000000000B06020000000CDD00000000000017
:10DD100030E80000240002060000002038E800007F
:10DD200020000B11A97100007971000000000000B3
:10DD3000F9720000797200005BC1000057C1000059
:10DD4000FF03000000030050180000200000000046
:10DD500001000000FFFFFFFF00000050180000203E
:10DD600000000000000000006CDD0000002000400A
:10DD700078DD00000100000080DD000002000000EE
:10DD8000130000000F0000010048E801000000003F
:10DD90000000000000000000FFFFFFFF0000FF0088
:10DDA0000000000000000000FFFFFFFF0200000174
:10DDB000010000003DC20000FFFF0000CCDD0000BC
:10DDC00000000000FFFFFFFF0000000000F0024025
:10DDD000D8DD000001000000E0DD000003000000CD
:10DDE00003000004080000051D000006D0D6000056
:10DDF0000600010000127A00000000000000000090
:10DE000000000000FFFFFFFF0000FF000000000017
:10DE100000000000FFFFFFFF000000010100000004
:10DE200033C20000FFFF000038DE000000000000E9
:10DE3000FFFFFFFF000000000030024044DE000052
:10DE4000010000004CDE000003000000030000049D
:10DE5000080000051D000006000000000000000092
:10DE600008000000030000005CD600005CD6000043
:10DE70008CD6000094D60000ACD60000B4D60000CA
:10DE80000000000000000000000000000000000092
:10DE9000000000409559695955555455155555562A
:10DEA00004051541105455404551554440455044D2
:10DEB0005055554500400040400444966555565520
:10DEC0004540455451411540559155555555405182
:10DED0000501000054455454455505040010041034
:10DEE0001404400000000140555515415404000041
:10DEF00044000100000000404100004450444550EF
:10DF00005400555554556551004000400100000132
:10DF100000050100115451515455550500000000F1
:10DF20000000000000000000D1F71737D1F717B745
:10DF30008071313F807131BF0000003F000000BFA1
:10DF4000000000040006D4020004A8050008500BDD
:10DF50000010A116002076312E302D6E72660074EE
:10DF60006167004457333030302025732025730A11
:10DF700000524157204445565F49445B25755D3A40
:10DF80002025303258202530325820253032582074
:10DF9000253032580A0050524F4245204641494CE4
:10DFA00045440A00494E4954204641494C45440ADB
:10DFB00000494E4954204641494C4544206166740D
:10DFC000657220585452494D0A004445564943450C
:10DFD0002049443A203078253038580A00434F4EC3
:10DFE000464947204641494C45440A00555742207E
:10DFF00072656164790A0054582074696D656F75A3
:10E00000740A005B52454A4543545D204125752002
:10E01000252E3266202D3E20252E32660A0025361A
:10E02000752041303D25352E32662041313D253564
:10E030002E32662041323D25352E326620737072B5
:10E040006561643D25342E326620646973743D2514
:10E05000352E3266206D65643D25352E326620638F
:10E060006F6E663D25332E306625252072783D255E
:10E07000752F25752073746174653D25640A00252C
:10E08000367520736561726368696E672072783DCA
:10E0900025752F25750A00535049206E6F74207224
:10E0A00065616479210A004750494F206E6F7420E2
:10E0B0007265616479210A0053504920696E697460
:10E0C00020646F6E650A0053504920777269746549
:10E0D000206572726F722025640A005350492072C5
:10E0E000656164206572726F722025640A00000702
:10E0F0000E091C1B1215383F363124232A2D707748
:10E100007E796C6B6265484F464154535A5DE0E737
:10E11000EEE9FCFBF2F5D8DFD6D1C4C3CACD9097A7
:10E120009E998C8B8285A8AFA6A1B4B3BABDC7C097
:10E13000C9CEDBDCD5D2FFF8F1F6E3E4EDEAB7B007
:10E14000B9BEABACA5A28F88818693949D9A2720F7
:10E15000292E3B3C35321F18111603040D0A575067
:10E16000595E4B4C45426F68616673747D7A898E47
:10E17000878095929B9CB1B6BFB8ADAAA3A4F9FEC7
:10E18000F7F0E5E2EBECC1C6CFC8DDDAD3D4696EB7
:10E19000676075727B7C51565F584D4A4344191E27
:10E1A000171005020B0C21262F283D3A33344E4917
:10E1B000404752555C5B7671787F6A6D64633E3987
:10E1C000303722252C2B0601080F1A1D1413AEA977
:10E1D000A0A7B2B5BCBB9691989F8A8D8483DED9E7
:10E1E000D0D7C2C5CCCBE6E1E8EFFAFDF4F3445753
:10E1F0003358585800445733585858204465766966
:10E200006365204472697665722056657273696F22
:10E210006E2030382E31392E303200FEF2EADED652
:10E22000CEC6BEF9B2E5A69EC9C18E8AADA57E7ADC
:10E2300076726E85817D625E5A6D565265615D4A69
:10E24000465542514D3E493A4536413D32392E35CB
:10E25000355431312D2D48484440403C3C3C383801
:10E2600034343030302CFEE6D6C6BAB2A69EED8EDF
:10E27000C9BD7E7A9D959189817D7975565265617A
:10E280004A465955513E4D493A453641323D392E5F
:10E2900035352A3131262D4C29224425251E3C2195
:10E2A0002134341D1D302C2C2828282424242420FB
:10E2B0002020201CFEEEE2D6CAC2BAB2F9E99AD1F9
:10E2C000C58AB5ADA59D95918985817D5E75716D78
:10E2D0005265615D594655514D3E493A4536413D7D
:10E2E0003239392E35583131502D2D484440403C7B
:10E2F0003C3C383834343030302CFEDAC2B2A2968E
:10E300008A82E1C5B1A195898179524E4A615D4207
:10E31000553E4D3A453641323D2E39352A3131266A
:10E320002D50222948251E1E3C2121341D1D302C34
:10E330002C2C2828282424242020201C1C000B0EF0
:10E34000120F0F0A0C090907080607050605050440
:10E35000050404030403030303030302030302028B
:10E360000202020102020202020102010201010193
:10E370000201010101010101010001010100201D53
:10E380001C14120C0D0A0A070806070506050504E9
:10E39000040404030303030203020302030302024F
:10E3A0000201020102010201010101010101010159
:10E3B00001010101010101010101010101200D051E
:10E3C0002A2A2A20426F6F74696E67206E52462097
:10E3D000436F6E6E6563742053444B2076332E3347
:10E3E0002E302D62613136376439663364623420F1
:10E3F0002A2A2A0A002A2A2A205573696E67205A77
:10E400006570687972204F532076342E332E393957
:10E410002D666439323034613032643532202A2A34
:10E420002A0A0072302F61313A20203078253038A6
:10E4300078202072312F61323A2020307825303810
:10E4400078202072322F61333A20203078253038FE
:10E45000780A0072332F61343A2020307825303822
:10E4600078207231322F69703A2020307825303888
:10E4700078207231342F6C723A2020307825303871
:10E48000780A0020787073723A202030782530386E
:10E49000780A004661756C74696E6720696E7374E2
:10E4A00072756374696F6E20616464726573732042
:10E4B000287231352F7063293A203078253038782A
:10E4C0000A00556E68616E646C6564204952516E35
:10E4D0003A2025640A002A2A2A2A2A204D5055204B
:10E4E0004641554C54202A2A2A2A2A0A0020205321
:10E4F0007461636B696E67206572726F7220286346
:10E500006F6E746578742061726561206D696768EB
:10E5100074206265206E6F742076616C6964290ACC
:10E52000002020556E737461636B696E672065729D
:10E53000726F720A00202044617461204163636538
:10E5400073732056696F6C6174696F6E0A002020C6
:10E550004D4D46415220416464726573733A2030D8
:10E560007825780A002020496E7374727563746987
:10E570006F6E204163636573732056696F6C6174BD
:10E58000696F6E0A002020466C6F6174696E672D9A
:10E59000706F696E74206C617A7920737461746530
:10E5A00020707265736572766174696F6E20657232
:10E5B000726F720A002A2A2A2A2A20555341474597
:10E5C000204641554C54202A2A2A2A2A0A00202073
:10E5D0004469766973696F6E206279207A65726F1B
:10E5E0000A002020556E616C69676E6564206D6558
:10E5F0006D6F7279206163636573730A0020204E2A
:10E600006F20636F70726F636573736F7220696ED2
:10E61000737472756374696F6E730A002020496C9D
:10E620006C6567616C206C6F6164206F6620455873
:10E63000435F52455455524E20696E746F205043CB
:10E640000A002020496C6C6567616C207573652039
:10E650006F662074686520455053520A002020419F
:10E660007474656D707420746F206578656375745B
:10E670006520756E646566696E656420696E737485
:10E6800072756374696F6E0A002A2A2A2A2A204248
:10E690005553204641554C54202A2A2A2A2A0A003A
:10E6A0002020537461636B696E67206572726F72AC
:10E6B0000A0020205072656369736520646174618B
:10E6C00020627573206572726F720A0020204246C4
:10E6D000415220416464726573733A203078257822
:10E6E0000A002020496D707265636973652064615A
:10E6F000746120627573206572726F720A00202047
:10E70000496E737472756374696F6E2062757320DD
:10E710006572726F720A0052657365727665642065
:10E72000457863657074696F6E2028005370757248
:10E73000696F757320696E746572727570742028C4
:10E740004952512000535053454C20696E20746843
:10E7500072656164206D6F646520646F6573206EFF
:10E760006F7420696E646963617465205053500A48
:10E77000002A2A2A2A2A2048415244204641554C40
:10E7800054202A2A2A2A2A0A002020427573206649
:10E7900061756C74206F6E20766563746F7220747F
:10E7A00061626C6520726561640A002020446562C4
:10E7B0007567206576656E740A0020204661756C69
:10E7C0007420657363616C6174696F6E2028736572
:10E7D000652062656C6F77290A00415243485F45A6
:10E7E0005843455054207769746820726561736F8F
:10E7F0006E2025780A0A002A2A2A2A2A20446562DD
:10E800007567206D6F6E69746F72206578636570CF
:10E8100074696F6E202A2A2A2A2A0A002A2A2A2A9A
:10E820002A20257320256429202A2A2A2A2A0A0038
:10E83000464C4153485F30005352414D5F300061B8
:10E84000626F727428290A00636C6F636B40343006
:10E85000303030303030006770696F4035303030E4
:10E8600030333030006770696F40353030303030D1
:10E870003030000001020304050607756172744020
:10E8800034303030323030300073706940343030E2
:10E89000326630303000737069403430303233309B
:10E8A00030300000202A2A2A2A2A2A2A2A2A2A2A1A
:10E8B0002A2A2A000169646C65006D61696E00692D
:10E8C0006E66006E616E00286E756C6C290000002B
:10E8D00034DC0000FBBD00000000000061C000004F
:10E8E0000000000000000000006000400000000088
:10E8F0000000000000000000000000000000000018
:10E900000000000000000000000000000000000007
:10E9100000000000000000000000000000000000F7
:10E9200000000000000000000000000000000000E7
:10E9300000000000000000000000000000000000D7
:10E9400000000000000000000000000000000000C7
:10E9500000000000000000000000000000000000B7
:10E9600000000000000000000000000000C20100E4
:10E970000001030000F00240000000000000000061
:10E980000000000000000000000000000000000087
:10E990000000000000000000000000000000000077
:10E9A00000000000ECDD000001000000DC000020A1
:10E9B000DC0000200000000001000000EC0000204E
:10E9C000EC0000200000000001000000000000003A
:10E9D0000000000000000000000000000000000037
:10E9E0000000000000000000000000000000000027
:10E9F00024D7000000000000000000004C070020A9
:10EA00004407002000300240000000000000000029
:10EA100000000000000000000000000000000000F6
:10EA200000000000000000000000000000000000E6
:10EA30000000000058DE0000000000006C01002013
:10EA40006C01002000000000010000007C0100209B
:10EA50007C01002000000000010000000000000018
:10EA600000000000000000000000000000000000A6
:10EA70000000000000000000000000000000000096
:10EA800040D7000000000000000000005C070020EC
:10EA9000540700200090D003FF0000009002000007
:10EAA000D0010020D0010020C18800CADE564557A1
:10EAB00041E1000000000000000000000000C188EB
:10EAC00000CADE57415645E0000034FDFDFDFD0063
:10EAD0000005000101090901010000F9000007001B
:0CEAE0000000000000000000000000002A
:04EAEC0015E015E03C
:0400000300006AA5EA
:00000001FF
